t,setpoint,xn,yn,posisi
-0.990000,0.000000,0.000000,0.000000,0.000000
-0.980000,0.000000,0.000000,0.000000,0.000000
-0.970000,0.000000,0.000000,0.000000,0.000000
-0.960000,0.000000,0.000000,0.000000,0.000000
-0.950000,0.000000,0.000000,0.000000,0.000000
-0.940000,0.000000,0.000000,0.000000,0.000000
-0.930000,0.000000,0.000000,0.000000,0.000000
-0.920000,0.000000,0.000000,0.000000,0.000000
-0.910000,0.000000,0.000000,0.000000,0.000000
-0.900000,0.000000,0.000000,0.000000,0.000000
-0.890000,0.000000,0.000000,0.000000,0.000000
-0.880000,0.000000,0.000000,0.000000,0.000000
-0.870000,0.000000,0.000000,0.000000,0.000000
-0.860000,0.000000,0.000000,0.000000,0.000000
-0.850000,0.000000,0.000000,0.000000,0.000000
-0.840000,0.000000,0.000000,0.000000,0.000000
-0.830000,0.000000,0.000000,0.000000,0.000000
-0.820000,0.000000,0.000000,0.000000,0.000000
-0.810000,0.000000,0.000000,0.000000,0.000000
-0.800000,0.000000,0.000000,0.000000,0.000000
-0.790000,0.000000,0.000000,0.000000,0.000000
-0.780000,0.000000,0.000000,0.000000,0.000000
-0.770000,0.000000,0.000000,0.000000,0.000000
-0.760000,0.000000,0.000000,0.000000,0.000000
-0.750000,0.000000,0.000000,0.000000,0.000000
-0.740000,0.000000,0.000000,0.000000,0.000000
-0.730000,0.000000,0.000000,0.000000,0.000000
-0.720000,0.000000,0.000000,0.000000,0.000000
-0.710000,0.000000,0.000000,0.000000,0.000000
-0.700000,0.000000,0.000000,0.000000,0.000000
-0.690000,0.000000,0.000000,0.000000,0.000000
-0.680000,0.000000,0.000000,0.000000,0.000000
-0.670000,0.000000,0.000000,0.000000,0.000000
-0.660000,0.000000,0.000000,0.000000,0.000000
-0.650000,0.000000,0.000000,0.000000,0.000000
-0.640000,0.000000,0.000000,0.000000,0.000000
-0.630000,0.000000,0.000000,0.000000,0.000000
-0.620000,0.000000,0.000000,0.000000,0.000000
-0.610000,0.000000,0.000000,0.000000,0.000000
-0.600000,0.000000,0.000000,0.000000,0.000000
-0.590000,0.000000,0.000000,0.000000,0.000000
-0.580000,0.000000,0.000000,0.000000,0.000000
-0.570000,0.000000,0.000000,0.000000,0.000000
-0.560000,0.000000,0.000000,0.000000,0.000000
-0.550000,0.000000,0.000000,0.000000,0.000000
-0.540000,0.000000,0.000000,0.000000,0.000000
-0.530000,0.000000,0.000000,0.000000,0.000000
-0.520000,0.000000,0.000000,0.000000,0.000000
-0.510000,0.000000,0.000000,0.000000,0.000000
-0.500000,0.000000,0.000000,0.000000,0.000000
-0.490000,0.000000,0.000000,0.000000,0.000000
-0.480000,0.000000,0.000000,0.000000,0.000000
-0.470001,0.000000,0.000000,0.000000,0.000000
-0.460001,0.000000,0.000000,0.000000,0.000000
-0.450001,0.000000,0.000000,0.000000,0.000000
-0.440001,0.000000,0.000000,0.000000,0.000000
-0.430001,0.000000,0.000000,0.000000,0.000000
-0.420001,0.000000,0.000000,0.000000,0.000000
-0.410001,0.000000,0.000000,0.000000,0.000000
-0.400001,0.000000,0.000000,0.000000,0.000000
-0.390001,0.000000,0.000000,0.000000,0.000000
-0.380001,0.000000,0.000000,0.000000,0.000000
-0.370001,0.000000,0.000000,0.000000,0.000000
-0.360001,0.000000,0.000000,0.000000,0.000000
-0.350001,0.000000,0.000000,0.000000,0.000000
-0.340001,0.000000,0.000000,0.000000,0.000000
-0.330001,0.000000,0.000000,0.000000,0.000000
-0.320001,0.000000,0.000000,0.000000,0.000000
-0.310001,0.000000,0.000000,0.000000,0.000000
-0.300001,0.000000,0.000000,0.000000,0.000000
-0.290001,0.000000,0.000000,0.000000,0.000000
-0.280001,0.000000,0.000000,0.000000,0.000000
-0.270001,0.000000,0.000000,0.000000,0.000000
-0.260001,0.000000,0.000000,0.000000,0.000000
-0.250001,0.000000,0.000000,0.000000,0.000000
-0.240001,0.000000,0.000000,0.000000,0.000000
-0.230001,0.000000,0.000000,0.000000,0.000000
-0.220001,0.000000,0.000000,0.000000,0.000000
-0.210001,0.000000,0.000000,0.000000,0.000000
-0.200001,0.000000,0.000000,0.000000,0.000000
-0.190001,0.000000,0.000000,0.000000,0.000000
-0.180001,0.000000,0.000000,0.000000,0.000000
-0.170001,0.000000,0.000000,0.000000,0.000000
-0.160001,0.000000,0.000000,0.000000,0.000000
-0.150001,0.000000,0.000000,0.000000,0.000000
-0.140001,0.000000,0.000000,0.000000,0.000000
-0.130001,0.000000,0.000000,0.000000,0.000000
-0.120001,0.000000,0.000000,0.000000,0.000000
-0.110001,0.000000,0.000000,0.000000,0.000000
-0.100001,0.000000,0.000000,0.000000,0.000000
-0.090001,0.000000,0.000000,0.000000,0.000000
-0.080001,0.000000,0.000000,0.000000,0.000000
-0.070001,0.000000,0.000000,0.000000,0.000000
-0.060001,0.000000,0.000000,0.000000,0.000000
-0.050001,0.000000,0.000000,0.000000,0.000000
-0.040001,0.000000,0.000000,0.000000,0.000000
-0.030001,0.000000,0.000000,0.000000,0.000000
-0.020001,0.000000,0.000000,0.000000,0.000000
-0.010001,0.000000,0.000000,0.000000,0.000000
-0.000001,0.000000,0.000000,0.000000,0.000000
0.009999,1.000000,0.100000,0.000498,0.000498
0.019999,1.000000,0.099950,0.001489,0.001987
0.029999,1.000000,0.099801,0.002469,0.004456
0.039999,1.000000,0.099554,0.003437,0.007893
0.049999,1.000000,0.099211,0.004393,0.012285
0.059999,1.000000,0.098771,0.005335,0.017620
0.069999,1.000000,0.098238,0.006263,0.023883
0.079999,1.000000,0.097612,0.007176,0.031059
0.089999,1.000000,0.096894,0.008073,0.039132
0.099999,1.000000,0.096087,0.008954,0.048086
0.109999,1.000000,0.095191,0.009817,0.057903
0.119999,1.000000,0.094210,0.010663,0.068566
0.129999,1.000000,0.093143,0.011490,0.080056
0.139999,1.000000,0.091994,0.012297,0.092353
0.149999,1.000000,0.090765,0.013085,0.105439
0.159999,1.000000,0.089456,0.013853,0.119291
0.169999,1.000000,0.088071,0.014599,0.133890
0.179999,1.000000,0.086611,0.015323,0.149213
0.189999,1.000000,0.085079,0.016026,0.165239
0.199999,1.000000,0.083476,0.016706,0.181945
0.209999,1.000000,0.081805,0.017363,0.199308
0.219999,1.000000,0.080069,0.017996,0.217304
0.229999,1.000000,0.078270,0.018606,0.235910
0.239999,1.000000,0.076409,0.019191,0.255101
0.249999,1.000000,0.074490,0.019751,0.274852
0.259999,1.000000,0.072515,0.020287,0.295139
0.269999,1.000000,0.070486,0.020797,0.315936
0.279999,1.000000,0.068406,0.021282,0.337218
0.289999,1.000000,0.066278,0.021741,0.358959
0.299999,1.000000,0.064104,0.022174,0.381133
0.309999,1.000000,0.061887,0.022581,0.403714
0.319999,1.000000,0.059629,0.022961,0.426675
0.329999,1.000000,0.057332,0.023315,0.449990
0.339999,1.000000,0.055001,0.023643,0.473633
0.349999,1.000000,0.052637,0.023943,0.497576
0.359999,1.000000,0.050242,0.024218,0.521794
0.369999,1.000000,0.047821,0.024465,0.546259
0.379999,1.000000,0.045374,0.024686,0.570944
0.389999,1.000000,0.042906,0.024880,0.595824
0.399999,1.000000,0.040418,0.025047,0.620871
0.409999,1.000000,0.037913,0.025188,0.646059
0.419999,1.000000,0.035394,0.025302,0.671361
0.429999,1.000000,0.032864,0.025390,0.696752
0.439999,1.000000,0.030325,0.025453,0.722204
0.449999,1.000000,0.027780,0.025489,0.747693
0.459999,1.000000,0.025231,0.025499,0.773192
0.469999,1.000000,0.022681,0.025484,0.798676
0.479999,1.000000,0.020132,0.025444,0.824119
0.489999,1.000000,0.017588,0.025378,0.849498
0.499999,1.000000,0.015050,0.025288,0.874786
0.509999,1.000000,0.012521,0.025174,0.899960
0.519999,1.000000,0.010004,0.025036,0.924995
0.529999,1.000000,0.007500,0.024874,0.949869
0.539999,1.000000,0.005013,0.024689,0.974558
0.549999,1.000000,0.002544,0.024481,0.999038
0.559999,1.000000,0.000096,0.024250,1.023288
0.569999,1.000000,-0.002329,0.023998,1.047286
0.579999,1.000000,-0.004729,0.023724,1.071010
0.589999,1.000000,-0.007101,0.023429,1.094439
0.599999,1.000000,-0.009444,0.023113,1.117552
0.609999,1.000000,-0.011755,0.022778,1.140330
0.619999,1.000000,-0.014033,0.022423,1.162752
0.629999,1.000000,-0.016275,0.022049,1.184801
0.639999,1.000000,-0.018480,0.021656,1.206457
0.649999,1.000000,-0.020646,0.021246,1.227703
0.659999,1.000000,-0.022770,0.020818,1.248521
0.669999,1.000000,-0.024852,0.020374,1.268895
0.679999,1.000000,-0.026890,0.019914,1.288809
0.689999,1.000000,-0.028881,0.019438,1.308246
0.699999,1.000000,-0.030825,0.018947,1.327193
0.709999,1.000000,-0.032719,0.018442,1.345635
0.719999,1.000000,-0.034564,0.017923,1.363558
0.729999,1.000000,-0.036356,0.017392,1.380950
0.739999,1.000000,-0.038095,0.016848,1.397798
0.749999,1.000000,-0.039780,0.016293,1.414091
0.759999,1.000000,-0.041409,0.015726,1.429817
0.769999,1.000000,-0.042982,0.015149,1.444967
0.779999,1.000000,-0.044497,0.014563,1.459530
0.789999,1.000000,-0.045953,0.013968,1.473498
0.799999,1.000000,-0.047350,0.013364,1.486862
0.809999,1.000000,-0.048686,0.012753,1.499614
0.819999,1.000000,-0.049961,0.012135,1.511749
0.829999,1.000000,-0.051175,0.011510,1.523259
0.839999,1.000000,-0.052326,0.010880,1.534140
0.849999,1.000000,-0.053414,0.010245,1.544385
0.859999,1.000000,-0.054439,0.009606,1.553992
0.869999,1.000000,-0.055399,0.008964,1.562955
0.879999,1.000000,-0.056296,0.008318,1.571274
0.889999,1.000000,-0.057127,0.007671,1.578945
0.899999,1.000000,-0.057894,0.007022,1.585966
0.909999,1.000000,-0.058597,0.006372,1.592338
0.919999,1.000000,-0.059234,0.005722,1.598060
0.929999,1.000000,-0.059806,0.005072,1.603131
0.939999,1.000000,-0.060313,0.004423,1.607555
0.949999,1.000000,-0.060755,0.003776,1.611331
0.959999,1.000000,-0.061133,0.003132,1.614462
0.969999,1.000000,-0.061446,0.002490,1.616952
0.979999,1.000000,-0.061695,0.001852,1.618804
0.989999,1.000000,-0.061880,0.001218,1.620022
0.999999,1.000000,-0.062002,0.000589,1.620612
1.009999,1.000000,-0.062061,-0.000035,1.620577
1.019999,1.000000,-0.062058,-0.000652,1.619925
1.029999,1.000000,-0.061992,-0.001264,1.618661
1.039999,1.000000,-0.061866,-0.001868,1.616793
1.049999,1.000000,-0.061679,-0.002465,1.614329
1.059999,1.000000,-0.061433,-0.003053,1.611275
1.069999,1.000000,-0.061128,-0.003633,1.607642
1.079999,1.000000,-0.060764,-0.004204,1.603438
1.089999,1.000000,-0.060344,-0.004765,1.598673
1.099999,1.000000,-0.059867,-0.005317,1.593356
1.109999,1.000000,-0.059336,-0.005857,1.587499
1.119999,1.000000,-0.058750,-0.006387,1.581112
1.129999,1.000000,-0.058111,-0.006905,1.574207
1.139999,1.000000,-0.057421,-0.007412,1.566795
1.149999,1.000000,-0.056679,-0.007907,1.558888
1.159999,1.000000,-0.055889,-0.008388,1.550500
1.169999,1.000000,-0.055050,-0.008857,1.541642
1.179999,1.000000,-0.054164,-0.009313,1.532329
1.189999,1.000000,-0.053233,-0.009755,1.522573
1.199998,1.000000,-0.052257,-0.010184,1.512390
1.209998,1.000000,-0.051239,-0.010598,1.501792
1.219998,1.000000,-0.050179,-0.010997,1.490795
1.229998,1.000000,-0.049079,-0.011382,1.479412
1.239998,1.000000,-0.047941,-0.011752,1.467660
1.249998,1.000000,-0.046766,-0.012107,1.455553
1.259998,1.000000,-0.045555,-0.012446,1.443107
1.269998,1.000000,-0.044311,-0.012770,1.430337
1.279998,1.000000,-0.043034,-0.013078,1.417259
1.289998,1.000000,-0.041726,-0.013370,1.403890
1.299998,1.000000,-0.040389,-0.013646,1.390244
1.309998,1.000000,-0.039024,-0.013905,1.376338
1.319998,1.000000,-0.037634,-0.014149,1.362190
1.329998,1.000000,-0.036219,-0.014376,1.347814
1.339998,1.000000,-0.034781,-0.014586,1.333228
1.349998,1.000000,-0.033323,-0.014780,1.318447
1.359998,1.000000,-0.031845,-0.014958,1.303489
1.369998,1.000000,-0.030349,-0.015119,1.288371
1.379998,1.000000,-0.028837,-0.015263,1.273108
1.389998,1.000000,-0.027311,-0.015391,1.257717
1.399998,1.000000,-0.025772,-0.015502,1.242215
1.409998,1.000000,-0.024221,-0.015597,1.226618
1.419998,1.000000,-0.022662,-0.015675,1.210943
1.429998,1.000000,-0.021094,-0.015737,1.195206
1.439998,1.000000,-0.019521,-0.015783,1.179423
1.449998,1.000000,-0.017942,-0.015812,1.163611
1.459998,1.000000,-0.016361,-0.015826,1.147786
1.469998,1.000000,-0.014779,-0.015823,1.131962
1.479998,1.000000,-0.013196,-0.015805,1.116157
1.489998,1.000000,-0.011616,-0.015771,1.100386
1.499998,1.000000,-0.010039,-0.015722,1.084664
1.509998,1.000000,-0.008466,-0.015658,1.069005
1.519998,1.000000,-0.006901,-0.015579,1.053427
1.529998,1.000000,-0.005343,-0.015485,1.037942
1.539998,1.000000,-0.003794,-0.015376,1.022566
1.549998,1.000000,-0.002257,-0.015253,1.007312
1.559998,1.000000,-0.000731,-0.015116,0.992196
1.569998,1.000000,0.000780,-0.014966,0.977230
1.579998,1.000000,0.002277,-0.014802,0.962429
1.589998,1.000000,0.003757,-0.014624,0.947804
1.599998,1.000000,0.005220,-0.014434,0.933370
1.609998,1.000000,0.006663,-0.014231,0.919139
1.619998,1.000000,0.008086,-0.014016,0.905123
1.629998,1.000000,0.009488,-0.013789,0.891333
1.639998,1.000000,0.010867,-0.013551,0.877783
1.649998,1.000000,0.012222,-0.013301,0.864482
1.659998,1.000000,0.013552,-0.013040,0.851442
1.669998,1.000000,0.014856,-0.012769,0.838673
1.679998,1.000000,0.016133,-0.012488,0.826185
1.689998,1.000000,0.017382,-0.012196,0.813988
1.699998,1.000000,0.018601,-0.011896,0.802093
1.709998,1.000000,0.019791,-0.011586,0.790506
1.719998,1.000000,0.020949,-0.011268,0.779238
1.729998,1.000000,0.022076,-0.010942,0.768296
1.739998,1.000000,0.023170,-0.010608,0.757689
1.749998,1.000000,0.024231,-0.010266,0.747423
1.759998,1.000000,0.025258,-0.009917,0.737505
1.769998,1.000000,0.026249,-0.009562,0.727943
1.779998,1.000000,0.027206,-0.009201,0.718742
1.789998,1.000000,0.028126,-0.008834,0.709908
1.799998,1.000000,0.029009,-0.008461,0.701447
1.809998,1.000000,0.029855,-0.008084,0.693363
1.819998,1.000000,0.030664,-0.007702,0.685661
1.829998,1.000000,0.031434,-0.007316,0.678345
1.839998,1.000000,0.032166,-0.006927,0.671418
1.849998,1.000000,0.032858,-0.006534,0.664884
1.859998,1.000000,0.033512,-0.006138,0.658745
1.869998,1.000000,0.034125,-0.005741,0.653005
1.879998,1.000000,0.034700,-0.005341,0.647664
1.889998,1.000000,0.035234,-0.004939,0.642725
1.899998,1.000000,0.035728,-0.004537,0.638188
1.909998,1.000000,0.036181,-0.004134,0.634054
1.919998,1.000000,0.036595,-0.003730,0.630324
1.929998,1.000000,0.036968,-0.003327,0.626998
1.939998,1.000000,0.037300,-0.002924,0.624074
1.949998,1.000000,0.037593,-0.002522,0.621553
1.959998,1.000000,0.037845,-0.002121,0.619432
1.969998,1.000000,0.038057,-0.001722,0.617710
1.979998,1.000000,0.038229,-0.001325,0.616386
1.989998,1.000000,0.038361,-0.000930,0.615456
1.999998,1.000000,0.038454,-0.000538,0.614917
2.009998,1.000000,0.038508,-0.000150,0.614768
2.019998,1.000000,0.038523,0.000236,0.615003
2.029998,1.000000,0.038500,0.000617,0.615620
2.039998,1.000000,0.038438,0.000994,0.616614
2.049998,1.000000,0.038339,0.001366,0.617980
2.059998,1.000000,0.038202,0.001734,0.619714
2.069998,1.000000,0.038029,0.002096,0.621810
2.079998,1.000000,0.037819,0.002453,0.624263
2.089998,1.000000,0.037574,0.002804,0.627067
2.099998,1.000000,0.037293,0.003149,0.630216
2.109998,1.000000,0.036978,0.003488,0.633704
2.119998,1.000000,0.036630,0.003819,0.637523
2.129998,1.000000,0.036248,0.004144,0.641667
2.139998,1.000000,0.035833,0.004462,0.646129
2.149998,1.000000,0.035387,0.004772,0.650902
2.159998,1.000000,0.034910,0.005075,0.655977
2.169998,1.000000,0.034402,0.005370,0.661346
2.179998,1.000000,0.033865,0.005656,0.667003
2.189998,1.000000,0.033300,0.005934,0.672937
2.199998,1.000000,0.032706,0.006204,0.679141
2.209998,1.000000,0.032086,0.006465,0.685606
2.219998,1.000000,0.031439,0.006717,0.692323
2.229998,1.000000,0.030768,0.006960,0.699283
2.239998,1.000000,0.030072,0.007194,0.706477
2.249998,1.000000,0.029352,0.007418,0.713895
2.259998,1.000000,0.028611,0.007633,0.721528
2.269998,1.000000,0.027847,0.007838,0.729366
2.279998,1.000000,0.027063,0.008034,0.737399
2.289998,1.000000,0.026260,0.008219,0.745618
2.299998,1.000000,0.025438,0.008395,0.754013
2.309998,1.000000,0.024599,0.008561,0.762574
2.319998,1.000000,0.023743,0.008716,0.771290
2.329998,1.000000,0.022871,0.008861,0.780151
2.339998,1.000000,0.021985,0.008997,0.789148
2.349998,1.000000,0.021085,0.009122,0.798270
2.359998,1.000000,0.020173,0.009236,0.807506
2.369998,1.000000,0.019249,0.009341,0.816847
2.379997,1.000000,0.018315,0.009435,0.826282
2.389997,1.000000,0.017372,0.009519,0.835801
2.399997,1.000000,0.016420,0.009592,0.845393
2.409997,1.000000,0.015461,0.009656,0.855049
2.419997,1.000000,0.014495,0.009709,0.864757
2.429997,1.000000,0.013524,0.009752,0.874509
2.439997,1.000000,0.012549,0.009785,0.884294
2.449997,1.000000,0.011571,0.009807,0.894101
2.459997,1.000000,0.010590,0.009820,0.903921
2.469997,1.000000,0.009608,0.009823,0.913744
2.479997,1.000000,0.008626,0.009816,0.923560
2.489997,1.000000,0.007644,0.009799,0.933359
2.499997,1.000000,0.006664,0.009773,0.943132
2.509997,1.000000,0.005687,0.009737,0.952870
2.519997,1.000000,0.004713,0.009692,0.962562
2.529997,1.000000,0.003744,0.009638,0.972200
2.539997,1.000000,0.002780,0.009575,0.981774
2.549997,1.000000,0.001823,0.009502,0.991277
2.559997,1.000000,0.000872,0.009421,1.000698
2.569997,1.000000,-0.000070,0.009331,1.010029
2.579997,1.000000,-0.001003,0.009233,1.019262
2.589997,1.000000,-0.001926,0.009127,1.028389
2.599997,1.000000,-0.002839,0.009012,1.037401
2.609997,1.000000,-0.003740,0.008890,1.046291
2.619997,1.000000,-0.004629,0.008760,1.055050
2.629997,1.000000,-0.005505,0.008622,1.063672
2.639997,1.000000,-0.006367,0.008477,1.072149
2.649997,1.000000,-0.007215,0.008325,1.080474
2.659997,1.000000,-0.008047,0.008166,1.088640
2.669997,1.000000,-0.008864,0.008001,1.096641
2.679997,1.000000,-0.009664,0.007829,1.104470
2.689997,1.000000,-0.010447,0.007651,1.112121
2.699997,1.000000,-0.011212,0.007467,1.119588
2.709997,1.000000,-0.011959,0.007277,1.126865
2.719997,1.000000,-0.012686,0.007082,1.133947
2.729997,1.000000,-0.013395,0.006882,1.140828
2.739997,1.000000,-0.014083,0.006676,1.147505
2.749997,1.000000,-0.014750,0.006466,1.153971
2.759997,1.000000,-0.015397,0.006252,1.160223
2.769997,1.000000,-0.016022,0.006033,1.166256
2.779997,1.000000,-0.016626,0.005811,1.172066
2.789997,1.000000,-0.017207,0.005584,1.177651
2.799997,1.000000,-0.017765,0.005355,1.183005
2.809997,1.000000,-0.018301,0.005122,1.188127
2.819997,1.000000,-0.018813,0.004886,1.193013
2.829997,1.000000,-0.019301,0.004647,1.197660
2.839997,1.000000,-0.019766,0.004407,1.202067
2.849997,1.000000,-0.020207,0.004164,1.206231
2.859997,1.000000,-0.020623,0.003919,1.210150
2.869997,1.000000,-0.021015,0.003673,1.213822
2.879997,1.000000,-0.021382,0.003425,1.217247
2.889997,1.000000,-0.021725,0.003176,1.220423
2.899997,1.000000,-0.022042,0.002927,1.223350
2.909997,1.000000,-0.022335,0.002677,1.226026
2.919997,1.000000,-0.022603,0.002426,1.228452
2.929997,1.000000,-0.022845,0.002176,1.230628
2.939997,1.000000,-0.023063,0.001925,1.232553
2.949997,1.000000,-0.023255,0.001676,1.234229
2.959997,1.000000,-0.023423,0.001426,1.235655
2.969997,1.000000,-0.023566,0.001178,1.236833
2.979997,1.000000,-0.023683,0.000931,1.237764
2.989997,1.000000,-0.023776,0.000686,1.238450
2.999997,1.000000,-0.023845,0.000442,1.238892
3.009997,1.000000,-0.023889,0.000199,1.239091
3.019997,1.000000,-0.023909,-0.000041,1.239051
3.029997,1.000000,-0.023905,-0.000278,1.238772
3.039997,1.000000,-0.023877,-0.000513,1.238259
3.049997,1.000000,-0.023826,-0.000746,1.237513
3.059997,1.000000,-0.023751,-0.000975,1.236538
3.069997,1.000000,-0.023654,-0.001202,1.235336
3.079997,1.000000,-0.023534,-0.001425,1.233911
3.089997,1.000000,-0.023391,-0.001644,1.232267
3.099997,1.000000,-0.023227,-0.001860,1.230407
3.109997,1.000000,-0.023041,-0.002072,1.228335
3.119997,1.000000,-0.022833,-0.002280,1.226055
3.129997,1.000000,-0.022605,-0.002483,1.223571
3.139997,1.000000,-0.022357,-0.002683,1.220888
3.149997,1.000000,-0.022089,-0.002877,1.218011
3.159997,1.000000,-0.021801,-0.003067,1.214944
3.169997,1.000000,-0.021494,-0.003252,1.211691
3.179997,1.000000,-0.021169,-0.003432,1.208259
3.189997,1.000000,-0.020826,-0.003607,1.204652
3.199997,1.000000,-0.020465,-0.003777,1.200875
3.209997,1.000000,-0.020087,-0.003942,1.196933
3.219997,1.000000,-0.019693,-0.004100,1.192833
3.229997,1.000000,-0.019283,-0.004254,1.188579
3.239997,1.000000,-0.018858,-0.004401,1.184178
3.249997,1.000000,-0.018418,-0.004543,1.179634
3.259997,1.000000,-0.017963,-0.004679,1.174955
3.269997,1.000000,-0.017496,-0.004809,1.170146
3.279997,1.000000,-0.017015,-0.004933,1.165213
3.289997,1.000000,-0.016521,-0.005051,1.160162
3.299997,1.000000,-0.016016,-0.005163,1.154999
3.309997,1.000000,-0.015500,-0.005268,1.149730
3.319997,1.000000,-0.014973,-0.005368,1.144362
3.329997,1.000000,-0.014436,-0.005461,1.138902
3.339997,1.000000,-0.013890,-0.005548,1.133354
3.349997,1.000000,-0.013335,-0.005628,1.127726
3.359997,1.000000,-0.012773,-0.005702,1.122024
3.369997,1.000000,-0.012202,-0.005770,1.116254
3.379997,1.000000,-0.011625,-0.005831,1.110423
3.389997,1.000000,-0.011042,-0.005886,1.104538
3.399997,1.000000,-0.010454,-0.005934,1.098603
3.409997,1.000000,-0.009860,-0.005976,1.092627
3.419997,1.000000,-0.009263,-0.006012,1.086615
3.429996,1.000000,-0.008662,-0.006042,1.080574
3.439996,1.000000,-0.008057,-0.006065,1.074509
3.449996,1.000000,-0.007451,-0.006082,1.068427
3.459996,1.000000,-0.006843,-0.006092,1.062335
3.469996,1.000000,-0.006233,-0.006097,1.056238
3.479996,1.000000,-0.005624,-0.006095,1.050143
3.489996,1.000000,-0.005014,-0.006087,1.044055
3.499996,1.000000,-0.004406,-0.006074,1.037982
3.509996,1.000000,-0.003798,-0.006054,1.031927
3.519996,1.000000,-0.003193,-0.006029,1.025898
3.529996,1.000000,-0.002590,-0.005998,1.019901
3.539996,1.000000,-0.001990,-0.005961,1.013940
3.549996,1.000000,-0.001394,-0.005918,1.008022
3.559996,1.000000,-0.000802,-0.005870,1.002151
3.569996,1.000000,-0.000215,-0.005817,0.996334
3.579996,1.000000,0.000367,-0.005758,0.990576
3.589996,1.000000,0.000942,-0.005695,0.984881
3.599996,1.000000,0.001512,-0.005626,0.979256
3.609996,1.000000,0.002074,-0.005552,0.973704
3.619996,1.000000,0.002630,-0.005473,0.968231
3.629996,1.000000,0.003177,-0.005390,0.962841
3.639996,1.000000,0.003716,-0.005302,0.957539
3.649996,1.000000,0.004246,-0.005209,0.952330
3.659996,1.000000,0.004767,-0.005113,0.947217
3.669996,1.000000,0.005278,-0.005012,0.942205
3.679996,1.000000,0.005779,-0.004907,0.937298
3.689996,1.000000,0.006270,-0.004798,0.932500
3.699996,1.000000,0.006750,-0.004685,0.927815
3.709996,1.000000,0.007219,-0.004569,0.923245
3.719996,1.000000,0.007675,-0.004450,0.918796
3.729996,1.000000,0.008120,-0.004327,0.914469
3.739996,1.000000,0.008553,-0.004201,0.910268
3.749996,1.000000,0.008973,-0.004072,0.906197
3.759996,1.000000,0.009380,-0.003940,0.902257
3.769996,1.000000,0.009774,-0.003805,0.898452
3.779996,1.000000,0.010155,-0.003668,0.894784
3.789996,1.000000,0.010522,-0.003528,0.891256
3.799996,1.000000,0.010874,-0.003387,0.887869
3.809996,1.000000,0.011213,-0.003243,0.884626
3.819996,1.000000,0.011537,-0.003098,0.881528
3.829996,1.000000,0.011847,-0.002950,0.878578
3.839996,1.000000,0.012142,-0.002801,0.875776
3.849996,1.000000,0.012422,-0.002651,0.873125
3.859996,1.000000,0.012688,-0.002500,0.870625
3.869996,1.000000,0.012937,-0.002347,0.868278
3.879996,1.000000,0.013172,-0.002194,0.866084
3.889996,1.000000,0.013392,-0.002040,0.864044
3.899996,1.000000,0.013596,-0.001885,0.862159
3.909996,1.000000,0.013784,-0.001730,0.860429
3.919996,1.000000,0.013957,-0.001575,0.858854
3.929996,1.000000,0.014115,-0.001419,0.857435
3.939996,1.000000,0.014257,-0.001264,0.856171
3.949996,1.000000,0.014383,-0.001109,0.855062
3.959996,1.000000,0.014494,-0.000954,0.854109
3.969996,1.000000,0.014589,-0.000799,0.853309
3.979996,1.000000,0.014669,-0.000646,0.852663
3.989996,1.000000,0.014734,-0.000493,0.852170
3.999996,1.000000,0.014783,-0.000341,0.851829
4.009996,1.000000,0.014817,-0.000190,0.851639
4.019996,1.000000,0.014836,-0.000041,0.851598
4.029996,1.000000,0.014840,0.000108,0.851706
4.039997,1.000000,0.014829,0.000254,0.851960
4.049997,1.000000,0.014804,0.000399,0.852359
4.059997,1.000000,0.014764,0.000543,0.852902
4.069997,1.000000,0.014710,0.000684,0.853586
4.079998,1.000000,0.014641,0.000823,0.854409
4.089998,1.000000,0.014559,0.000960,0.855370
4.099998,1.000000,0.014463,0.001095,0.856465
4.109998,1.000000,0.014353,0.001228,0.857693
4.119998,1.000000,0.014231,0.001358,0.859051
4.129999,1.000000,0.014095,0.001486,0.860537
4.139999,1.000000,0.013946,0.001611,0.862148
4.149999,1.000000,0.013785,0.001733,0.863880
4.159999,1.000000,0.013612,0.001852,0.865732
4.170000,1.000000,0.013427,0.001968,0.867701
4.180000,1.000000,0.013230,0.002081,0.869782
4.190000,1.000000,0.013022,0.002191,0.871973
4.200000,1.000000,0.012803,0.002298,0.874271
4.210001,1.000000,0.012573,0.002402,0.876673
4.220001,1.000000,0.012333,0.002502,0.879175
4.230001,1.000000,0.012083,0.002598,0.881773
4.240001,1.000000,0.011823,0.002692,0.884465
4.250001,1.000000,0.011554,0.002781,0.887246
4.260002,1.000000,0.011275,0.002867,0.890113
4.270002,1.000000,0.010989,0.002950,0.893063
4.280002,1.000000,0.010694,0.003028,0.896091
4.290002,1.000000,0.010391,0.003103,0.899194
4.300003,1.000000,0.010081,0.003174,0.902368
4.310003,1.000000,0.009763,0.003241,0.905610
4.320003,1.000000,0.009439,0.003305,0.908915
4.330003,1.000000,0.009109,0.003364,0.912279
4.340003,1.000000,0.008772,0.003420,0.915699
4.350004,1.000000,0.008430,0.003472,0.919170
4.360004,1.000000,0.008083,0.003519,0.922690
4.370004,1.000000,0.007731,0.003563,0.926252
4.380004,1.000000,0.007375,0.003603,0.929855
4.390005,1.000000,0.007014,0.003639,0.933494
4.400005,1.000000,0.006651,0.003670,0.937164
4.410005,1.000000,0.006284,0.003698,0.940862
4.420005,1.000000,0.005914,0.003722,0.944585
4.430006,1.000000,0.005542,0.003742,0.948327
4.440006,1.000000,0.005167,0.003758,0.952085
4.450006,1.000000,0.004791,0.003771,0.955856
4.460006,1.000000,0.004414,0.003779,0.959635
4.470006,1.000000,0.004037,0.003783,0.963418
4.480007,1.000000,0.003658,0.003784,0.967202
4.490007,1.000000,0.003280,0.003781,0.970983
4.500007,1.000000,0.002902,0.003774,0.974757
4.510007,1.000000,0.002524,0.003764,0.978520
4.520008,1.000000,0.002148,0.003749,0.982270
4.530008,1.000000,0.001773,0.003732,0.986001
4.540008,1.000000,0.001400,0.003710,0.989712
4.550008,1.000000,0.001029,0.003685,0.993397
4.560009,1.000000,0.000660,0.003657,0.997054
4.570009,1.000000,0.000295,0.003626,1.000680
4.580009,1.000000,-0.000068,0.003591,1.004270
4.590009,1.000000,-0.000427,0.003552,1.007823
4.600009,1.000000,-0.000782,0.003511,1.011334
4.610010,1.000000,-0.001133,0.003467,1.014800
4.620010,1.000000,-0.001480,0.003419,1.018219
4.630010,1.000000,-0.001822,0.003369,1.021588
4.640010,1.000000,-0.002159,0.003315,1.024903
4.650011,1.000000,-0.002490,0.003259,1.028162
4.660011,1.000000,-0.002816,0.003200,1.031363
4.670011,1.000000,-0.003136,0.003139,1.034501
4.680011,1.000000,-0.003450,0.003075,1.037576
4.690012,1.000000,-0.003758,0.003008,1.040584
4.700012,1.000000,-0.004058,0.002939,1.043524
4.710012,1.000000,-0.004352,0.002868,1.046392
4.720012,1.000000,-0.004639,0.002795,1.049187
4.730012,1.000000,-0.004919,0.002720,1.051907
4.740013,1.000000,-0.005191,0.002642,1.054549
4.750013,1.000000,-0.005455,0.002563,1.057112
4.760013,1.000000,-0.005711,0.002482,1.059593
4.770013,1.000000,-0.005959,0.002399,1.061992
4.780014,1.000000,-0.006199,0.002314,1.064307
4.790014,1.000000,-0.006431,0.002229,1.066535
4.800014,1.000000,-0.006654,0.002141,1.068676
4.810014,1.000000,-0.006868,0.002053,1.070729
4.820014,1.000000,-0.007073,0.001963,1.072692
4.830015,1.000000,-0.007269,0.001872,1.074564
4.840015,1.000000,-0.007456,0.001780,1.076343
4.850015,1.000000,-0.007634,0.001687,1.078030
4.860015,1.000000,-0.007803,0.001593,1.079624
4.870016,1.000000,-0.007962,0.001499,1.081123
4.880016,1.000000,-0.008112,0.001404,1.082527
4.890016,1.000000,-0.008253,0.001309,1.083835
4.900016,1.000000,-0.008384,0.001213,1.085048
4.910017,1.000000,-0.008505,0.001116,1.086164
4.920017,1.000000,-0.008616,0.001020,1.087184
4.930017,1.000000,-0.008718,0.000924,1.088108
4.940017,1.000000,-0.008811,0.000827,1.088935
4.950017,1.000000,-0.008894,0.000731,1.089666
4.960018,1.000000,-0.008967,0.000635,1.090300
4.970018,1.000000,-0.009030,0.000539,1.090839
4.980018,1.000000,-0.009084,0.000443,1.091282
4.990018,1.000000,-0.009128,0.000348,1.091630
5.000019,1.000000,-0.009163,0.000253,1.091883
5.010019,1.000000,-0.009188,0.000159,1.092043
5.020019,1.000000,-0.009204,0.000066,1.092109
5.030019,1.000000,-0.009211,-0.000026,1.092083
5.040020,1.000000,-0.009208,-0.000118,1.091965
5.050020,1.000000,-0.009197,-0.000208,1.091757
5.060020,1.000000,-0.009176,-0.000297,1.091460
5.070020,1.000000,-0.009146,-0.000386,1.091074
5.080020,1.000000,-0.009107,-0.000473,1.090601
5.090021,1.000000,-0.009060,-0.000559,1.090043
5.100021,1.000000,-0.009004,-0.000643,1.089400
5.110021,1.000000,-0.008940,-0.000726,1.088674
5.120021,1.000000,-0.008867,-0.000807,1.087866
5.130022,1.000000,-0.008787,-0.000887,1.086979
5.140022,1.000000,-0.008698,-0.000966,1.086014
5.150022,1.000000,-0.008601,-0.001042,1.084971
5.160022,1.000000,-0.008497,-0.001117,1.083855
5.170022,1.000000,-0.008385,-0.001190,1.082665
5.180023,1.000000,-0.008266,-0.001261,1.081404
5.190023,1.000000,-0.008140,-0.001330,1.080074
5.200023,1.000000,-0.008007,-0.001397,1.078677
5.210023,1.000000,-0.007868,-0.001462,1.077214
5.220024,1.000000,-0.007721,-0.001525,1.075689
5.230024,1.000000,-0.007569,-0.001586,1.074102
5.240024,1.000000,-0.007410,-0.001645,1.072457
5.250024,1.000000,-0.007246,-0.001702,1.070755
5.260025,1.000000,-0.007076,-0.001756,1.068999
5.270025,1.000000,-0.006900,-0.001808,1.067190
5.280025,1.000000,-0.006719,-0.001858,1.065332
5.290025,1.000000,-0.006533,-0.001906,1.063426
5.300025,1.000000,-0.006343,-0.001951,1.061476
5.310026,1.000000,-0.006148,-0.001994,1.059482
5.320026,1.000000,-0.005948,-0.002034,1.057448
5.330026,1.000000,-0.005745,-0.002072,1.055376
5.340026,1.000000,-0.005538,-0.002108,1.053268
5.350027,1.000000,-0.005327,-0.002141,1.051127
5.360027,1.000000,-0.005113,-0.002171,1.048956
5.370027,1.000000,-0.004896,-0.002200,1.046756
5.380027,1.000000,-0.004676,-0.002225,1.044531
5.390028,1.000000,-0.004453,-0.002249,1.042282
5.400028,1.000000,-0.004228,-0.002270,1.040012
5.410028,1.000000,-0.004001,-0.002288,1.037724
5.420028,1.000000,-0.003772,-0.002304,1.035420
5.430028,1.000000,-0.003542,-0.002317,1.033103
5.440029,1.000000,-0.003310,-0.002329,1.030774
5.450029,1.000000,-0.003077,-0.002337,1.028437
5.460029,1.000000,-0.002844,-0.002343,1.026093
5.470029,1.000000,-0.002609,-0.002347,1.023746
5.480030,1.000000,-0.002375,-0.002349,1.021397
5.490030,1.000000,-0.002140,-0.002348,1.019050
5.500030,1.000000,-0.001905,-0.002345,1.016705
5.510030,1.000000,-0.001671,-0.002339,1.014366
5.520030,1.000000,-0.001437,-0.002331,1.012035
5.530031,1.000000,-0.001203,-0.002321,1.009713
5.540031,1.000000,-0.000971,-0.002309,1.007404
5.550031,1.000000,-0.000740,-0.002295,1.005110
5.560031,1.000000,-0.000511,-0.002278,1.002832
5.570032,1.000000,-0.000283,-0.002259,1.000573
5.580032,1.000000,-0.000057,-0.002238,0.998334
5.590032,1.000000,0.000167,-0.002216,0.996119
5.600032,1.000000,0.000388,-0.002191,0.993928
5.610033,1.000000,0.000607,-0.002164,0.991764
5.620033,1.000000,0.000824,-0.002135,0.989628
5.630033,1.000000,0.001037,-0.002105,0.987523
5.640033,1.000000,0.001248,-0.002073,0.985451
5.650033,1.000000,0.001455,-0.002038,0.983412
5.660034,1.000000,0.001659,-0.002003,0.981410
5.670034,1.000000,0.001859,-0.001965,0.979444
5.680034,1.000000,0.002056,-0.001926,0.977518
5.690034,1.000000,0.002248,-0.001886,0.975633
5.700035,1.000000,0.002437,-0.001844,0.973789
5.710035,1.000000,0.002621,-0.001800,0.971989
5.720035,1.000000,0.002801,-0.001755,0.970234
5.730035,1.000000,0.002977,-0.001709,0.968525
5.740036,1.000000,0.003147,-0.001661,0.966864
5.750036,1.000000,0.003314,-0.001613,0.965251
5.760036,1.000000,0.003475,-0.001563,0.963688
5.770036,1.000000,0.003631,-0.001512,0.962177
5.780036,1.000000,0.003782,-0.001460,0.960717
5.790037,1.000000,0.003928,-0.001407,0.959310
5.800037,1.000000,0.004069,-0.001353,0.957956
5.810037,1.000000,0.004204,-0.001298,0.956658
5.820037,1.000000,0.004334,-0.001243,0.955415
5.830038,1.000000,0.004458,-0.001187,0.954228
5.840038,1.000000,0.004577,-0.001130,0.953098
5.850038,1.000000,0.004690,-0.001073,0.952025
5.860038,1.000000,0.004797,-0.001015,0.951011
5.870039,1.000000,0.004899,-0.000956,0.950054
5.880039,1.000000,0.004995,-0.000898,0.949157
5.890039,1.000000,0.005084,-0.000838,0.948318
5.900039,1.000000,0.005168,-0.000779,0.947539
5.910039,1.000000,0.005246,-0.000719,0.946820
5.920040,1.000000,0.005318,-0.000660,0.946160
5.930040,1.000000,0.005384,-0.000600,0.945560
5.940040,1.000000,0.005444,-0.000540,0.945020
5.950040,1.000000,0.005498,-0.000480,0.944540
5.960041,1.000000,0.005546,-0.000420,0.944120
5.970041,1.000000,0.005588,-0.000361,0.943760
5.980041,1.000000,0.005624,-0.000301,0.943458
5.990041,1.000000,0.005654,-0.000242,0.943216
6.000041,1.000000,0.005678,-0.000183,0.943033
6.010042,1.000000,0.005697,-0.000125,0.942908
6.020042,1.000000,0.005709,-0.000067,0.942842
6.030042,1.000000,0.005716,-0.000009,0.942832
6.040042,1.000000,0.005717,0.000048,0.942880
6.050043,1.000000,0.005712,0.000104,0.942985
6.060043,1.000000,0.005702,0.000160,0.943145
6.070043,1.000000,0.005686,0.000215,0.943360
6.080043,1.000000,0.005664,0.000270,0.943630
6.090044,1.000000,0.005637,0.000323,0.943953
6.100044,1.000000,0.005605,0.000376,0.944329
6.110044,1.000000,0.005567,0.000428,0.944757
6.120044,1.000000,0.005524,0.000479,0.945235
6.130044,1.000000,0.005476,0.000529,0.945764
6.140045,1.000000,0.005424,0.000578,0.946342
6.150045,1.000000,0.005366,0.000626,0.946968
6.160045,1.000000,0.005303,0.000673,0.947641
6.170045,1.000000,0.005236,0.000719,0.948359
6.180046,1.000000,0.005164,0.000763,0.949123
6.190046,1.000000,0.005088,0.000807,0.949929
6.200046,1.000000,0.005007,0.000849,0.950778
6.210046,1.000000,0.004922,0.000890,0.951668
6.220047,1.000000,0.004833,0.000930,0.952598
6.230047,1.000000,0.004740,0.000968,0.953566
6.240047,1.000000,0.004643,0.001005,0.954571
6.250047,1.000000,0.004543,0.001041,0.955612
6.260047,1.000000,0.004439,0.001075,0.956687
6.270048,1.000000,0.004331,0.001108,0.957796
6.280048,1.000000,0.004220,0.001140,0.958935
6.290048,1.000000,0.004106,0.001170,0.960105
6.300048,1.000000,0.003989,0.001199,0.961304
6.310049,1.000000,0.003870,0.001226,0.962530
6.320049,1.000000,0.003747,0.001252,0.963781
6.330049,1.000000,0.003622,0.001276,0.965057
6.340049,1.000000,0.003494,0.001299,0.966356
6.350049,1.000000,0.003364,0.001320,0.967675
6.360050,1.000000,0.003232,0.001340,0.969015
6.370050,1.000000,0.003099,0.001358,0.970373
6.380050,1.000000,0.002963,0.001374,0.971747
6.390050,1.000000,0.002825,0.001390,0.973137
6.400051,1.000000,0.002686,0.001403,0.974540
6.410051,1.000000,0.002546,0.001415,0.975955
6.420051,1.000000,0.002404,0.001426,0.977381
6.430051,1.000000,0.002262,0.001435,0.978816
6.440052,1.000000,0.002118,0.001442,0.980258
6.450052,1.000000,0.001974,0.001448,0.981707
6.460052,1.000000,0.001829,0.001453,0.983160
6.470052,1.000000,0.001684,0.001456,0.984616
6.480052,1.000000,0.001538,0.001458,0.986073
6.490053,1.000000,0.001393,0.001458,0.987531
6.500053,1.000000,0.001247,0.001456,0.988987
6.510053,1.000000,0.001101,0.001454,0.990441
6.520053,1.000000,0.000956,0.001449,0.991890
6.530054,1.000000,0.000811,0.001444,0.993334
6.540054,1.000000,0.000667,0.001437,0.994770
6.550054,1.000000,0.000523,0.001428,0.996199
6.560054,1.000000,0.000380,0.001419,0.997617
6.570055,1.000000,0.000238,0.001408,0.999025
6.580055,1.000000,0.000098,0.001395,1.000420
6.590055,1.000000,-0.000042,0.001382,1.001802
6.600055,1.000000,-0.000180,0.001367,1.003168
6.610055,1.000000,-0.000317,0.001351,1.004519
6.620056,1.000000,-0.000452,0.001333,1.005852
6.630056,1.000000,-0.000585,0.001315,1.007167
6.640056,1.000000,-0.000717,0.001295,1.008463
6.650056,1.000000,-0.000846,0.001275,1.009738
6.660057,1.000000,-0.000974,0.001253,1.010991
6.670057,1.000000,-0.001099,0.001230,1.012221
6.680057,1.000000,-0.001222,0.001206,1.013427
6.690057,1.000000,-0.001343,0.001182,1.014609
6.700058,1.000000,-0.001461,0.001156,1.015765
6.710058,1.000000,-0.001576,0.001129,1.016894
6.720058,1.000000,-0.001689,0.001102,1.017996
6.730058,1.000000,-0.001800,0.001073,1.019069
6.740058,1.000000,-0.001907,0.001044,1.020113
6.750059,1.000000,-0.002011,0.001014,1.021128
6.760059,1.000000,-0.002113,0.000984,1.022112
6.770059,1.000000,-0.002211,0.000952,1.023064
6.780059,1.000000,-0.002306,0.000920,1.023984
6.790060,1.000000,-0.002398,0.000888,1.024872
6.800060,1.000000,-0.002487,0.000855,1.025727
6.810060,1.000000,-0.002573,0.000821,1.026548
6.820060,1.000000,-0.002655,0.000787,1.027335
6.830060,1.000000,-0.002733,0.000752,1.028087
6.840061,1.000000,-0.002809,0.000717,1.028804
6.850061,1.000000,-0.002880,0.000682,1.029486
6.860061,1.000000,-0.002949,0.000646,1.030131
6.870061,1.000000,-0.003013,0.000610,1.030741
6.880062,1.000000,-0.003074,0.000573,1.031314
6.890062,1.000000,-0.003131,0.000537,1.031851
6.900062,1.000000,-0.003185,0.000500,1.032351
6.910062,1.000000,-0.003235,0.000463,1.032814
6.920063,1.000000,-0.003281,0.000426,1.033240
6.930063,1.000000,-0.003324,0.000389,1.033628
6.940063,1.000000,-0.003363,0.000352,1.033980
6.950063,1.000000,-0.003398,0.000314,1.034294
6.960063,1.000000,-0.003429,0.000277,1.034572
6.970064,1.000000,-0.003457,0.000240,1.034812
6.980064,1.000000,-0.003481,0.000203,1.035015
6.990064,1.000000,-0.003502,0.000166,1.035182
7.000064,1.000000,-0.003518,0.000130,1.035312
7.010065,1.000000,-0.003531,0.000093,1.035405
7.020065,1.000000,-0.003541,0.000057,1.035462
7.030065,1.000000,-0.003546,0.000021,1.035484
7.040065,1.000000,-0.003548,-0.000014,1.035470
7.050066,1.000000,-0.003547,-0.000049,1.035421
7.060066,1.000000,-0.003542,-0.000084,1.035337
7.070066,1.000000,-0.003534,-0.000118,1.035218
7.080066,1.000000,-0.003522,-0.000152,1.035066
7.090066,1.000000,-0.003507,-0.000186,1.034880
7.100067,1.000000,-0.003488,-0.000219,1.034661
7.110067,1.000000,-0.003466,-0.000251,1.034409
7.120067,1.000000,-0.003441,-0.000283,1.034126
7.130067,1.000000,-0.003413,-0.000315,1.033812
7.140068,1.000000,-0.003381,-0.000345,1.033466
7.150068,1.000000,-0.003347,-0.000375,1.033091
7.160068,1.000000,-0.003309,-0.000405,1.032686
7.170068,1.000000,-0.003269,-0.000433,1.032253
7.180068,1.000000,-0.003225,-0.000462,1.031791
7.190069,1.000000,-0.003179,-0.000489,1.031303
7.200069,1.000000,-0.003130,-0.000515,1.030787
7.210069,1.000000,-0.003079,-0.000541,1.030246
7.220069,1.000000,-0.003025,-0.000566,1.029680
7.230070,1.000000,-0.002968,-0.000590,1.029090
7.240070,1.000000,-0.002909,-0.000614,1.028476
7.250070,1.000000,-0.002848,-0.000636,1.027839
7.260070,1.000000,-0.002784,-0.000658,1.027181
7.270071,1.000000,-0.002718,-0.000679,1.026502
7.280071,1.000000,-0.002650,-0.000699,1.025804
7.290071,1.000000,-0.002580,-0.000718,1.025086
7.300071,1.000000,-0.002509,-0.000736,1.024349
7.310071,1.000000,-0.002435,-0.000753,1.023596
7.320072,1.000000,-0.002360,-0.000770,1.022826
7.330072,1.000000,-0.002283,-0.000785,1.022041
7.340072,1.000000,-0.002204,-0.000800,1.021241
7.350072,1.000000,-0.002124,-0.000813,1.020427
7.360073,1.000000,-0.002043,-0.000826,1.019601
7.370073,1.000000,-0.001960,-0.000838,1.018764
7.380073,1.000000,-0.001876,-0.000849,1.017915
7.390073,1.000000,-0.001792,-0.000858,1.017057
7.400074,1.000000,-0.001706,-0.000867,1.016189
7.410074,1.000000,-0.001619,-0.000875,1.015314
7.420074,1.000000,-0.001531,-0.000882,1.014432
7.430074,1.000000,-0.001443,-0.000888,1.013544
7.440074,1.000000,-0.001354,-0.000893,1.012650
7.450075,1.000000,-0.001265,-0.000897,1.011753
7.460075,1.000000,-0.001175,-0.000901,1.010852
7.470075,1.000000,-0.001085,-0.000903,1.009949
7.480075,1.000000,-0.000995,-0.000904,1.009045
7.490076,1.000000,-0.000905,-0.000905,1.008140
7.500076,1.000000,-0.000814,-0.000904,1.007236
7.510076,1.000000,-0.000724,-0.000903,1.006333
7.520076,1.000000,-0.000633,-0.000901,1.005432
7.530077,1.000000,-0.000543,-0.000898,1.004534
7.540077,1.000000,-0.000453,-0.000894,1.003641
7.550077,1.000000,-0.000364,-0.000889,1.002752
7.560077,1.000000,-0.000275,-0.000883,1.001869
7.570077,1.000000,-0.000187,-0.000877,1.000992
7.580078,1.000000,-0.000099,-0.000869,1.000122
7.590078,1.000000,-0.000012,-0.000861,0.999261
7.600078,1.000000,0.000074,-0.000852,0.998408
7.610078,1.000000,0.000159,-0.000843,0.997566
7.620079,1.000000,0.000243,-0.000832,0.996733
7.630079,1.000000,0.000327,-0.000821,0.995912
7.640079,1.000000,0.000409,-0.000809,0.995102
7.650079,1.000000,0.000490,-0.000797,0.994305
7.660079,1.000000,0.000569,-0.000784,0.993522
7.670080,1.000000,0.000648,-0.000770,0.992752
7.680080,1.000000,0.000725,-0.000755,0.991996
7.690080,1.000000,0.000800,-0.000740,0.991256
7.700080,1.000000,0.000874,-0.000725,0.990531
7.710081,1.000000,0.000947,-0.000708,0.989823
7.720081,1.000000,0.001018,-0.000691,0.989132
7.730081,1.000000,0.001087,-0.000674,0.988458
7.740081,1.000000,0.001154,-0.000656,0.987801
7.750082,1.000000,0.001220,-0.000638,0.987163
7.760082,1.000000,0.001284,-0.000619,0.986544
7.770082,1.000000,0.001346,-0.000600,0.985945
7.780082,1.000000,0.001406,-0.000580,0.985364
7.790082,1.000000,0.001464,-0.000560,0.984804
7.800083,1.000000,0.001520,-0.000540,0.984265
7.810083,1.000000,0.001574,-0.000519,0.983746
7.820083,1.000000,0.001625,-0.000498,0.983248
7.830083,1.000000,0.001675,-0.000476,0.982771
7.840084,1.000000,0.001723,-0.000455,0.982317
7.850084,1.000000,0.001768,-0.000433,0.981884
7.860084,1.000000,0.001812,-0.000411,0.981473
7.870084,1.000000,0.001853,-0.000388,0.981085
7.880085,1.000000,0.001892,-0.000366,0.980719
7.890085,1.000000,0.001928,-0.000343,0.980376
7.900085,1.000000,0.001962,-0.000320,0.980055
7.910085,1.000000,0.001994,-0.000298,0.979758
7.920085,1.000000,0.002024,-0.000275,0.979483
7.930086,1.000000,0.002052,-0.000252,0.979232
7.940086,1.000000,0.002077,-0.000228,0.979003
7.950086,1.000000,0.002100,-0.000205,0.978798
7.960086,1.000000,0.002120,-0.000182,0.978616
7.970087,1.000000,0.002138,-0.000159,0.978456
7.980087,1.000000,0.002154,-0.000136,0.978320
7.990087,1.000000,0.002168,-0.000113,0.978207
8.000087,1.000000,0.002179,-0.000091,0.978116
8.010087,1.000000,0.002188,-0.000068,0.978048
8.020087,1.000000,0.002195,-0.000046,0.978002
8.030087,1.000000,0.002200,-0.000023,0.977979
8.040088,1.000000,0.002202,-0.000001,0.977978
8.050088,1.000000,0.002202,0.000021,0.977999
8.060088,1.000000,0.002200,0.000043,0.978042
8.070088,1.000000,0.002196,0.000064,0.978106
8.080089,1.000000,0.002189,0.000085,0.978191
8.090089,1.000000,0.002181,0.000106,0.978297
8.100089,1.000000,0.002170,0.000127,0.978424
8.110089,1.000000,0.002158,0.000147,0.978571
8.120090,1.000000,0.002143,0.000167,0.978738
8.130090,1.000000,0.002126,0.000187,0.978925
8.140090,1.000000,0.002107,0.000206,0.979131
8.150090,1.000000,0.002087,0.000225,0.979356
8.160090,1.000000,0.002064,0.000243,0.979599
8.170091,1.000000,0.002040,0.000261,0.979860
8.180091,1.000000,0.002014,0.000279,0.980139
8.190091,1.000000,0.001986,0.000296,0.980435
8.200091,1.000000,0.001957,0.000313,0.980747
8.210092,1.000000,0.001925,0.000329,0.981076
8.220092,1.000000,0.001892,0.000345,0.981421
8.230092,1.000000,0.001858,0.000360,0.981781
8.240092,1.000000,0.001822,0.000375,0.982155
8.250093,1.000000,0.001784,0.000389,0.982544
8.260093,1.000000,0.001746,0.000403,0.982947
8.270093,1.000000,0.001705,0.000416,0.983362
8.280093,1.000000,0.001664,0.000428,0.983791
8.290093,1.000000,0.001621,0.000440,0.984231
8.300094,1.000000,0.001577,0.000452,0.984683
8.310094,1.000000,0.001532,0.000463,0.985146
8.320094,1.000000,0.001485,0.000473,0.985619
8.330094,1.000000,0.001438,0.000483,0.986102
8.340095,1.000000,0.001390,0.000493,0.986595
8.350095,1.000000,0.001341,0.000501,0.987096
8.360095,1.000000,0.001290,0.000509,0.987606
8.370095,1.000000,0.001239,0.000517,0.988122
8.380095,1.000000,0.001188,0.000524,0.988646
8.390096,1.000000,0.001135,0.000530,0.989176
8.400096,1.000000,0.001082,0.000536,0.989712
8.410096,1.000000,0.001029,0.000541,0.990253
8.420096,1.000000,0.000975,0.000546,0.990799
8.430097,1.000000,0.000920,0.000550,0.991349
8.440097,1.000000,0.000865,0.000553,0.991902
8.450097,1.000000,0.000810,0.000556,0.992458
8.460097,1.000000,0.000754,0.000558,0.993016
8.470098,1.000000,0.000698,0.000560,0.993576
8.480098,1.000000,0.000642,0.000561,0.994137
8.490098,1.000000,0.000586,0.000562,0.994699
8.500098,1.000000,0.000530,0.000562,0.995260
8.510098,1.000000,0.000474,0.000561,0.995821
8.520099,1.000000,0.000418,0.000560,0.996381
8.530099,1.000000,0.000362,0.000558,0.996939
8.540099,1.000000,0.000306,0.000556,0.997495
8.550099,1.000000,0.000251,0.000553,0.998048
8.560100,1.000000,0.000195,0.000550,0.998598
8.570100,1.000000,0.000140,0.000546,0.999144
8.580100,1.000000,0.000086,0.000542,0.999686
8.590100,1.000000,0.000031,0.000537,1.000222
8.600101,1.000000,-0.000022,0.000532,1.000754
8.610101,1.000000,-0.000075,0.000526,1.001280
8.620101,1.000000,-0.000128,0.000520,1.001800
8.630101,1.000000,-0.000180,0.000513,1.002312
8.640101,1.000000,-0.000231,0.000506,1.002818
8.650102,1.000000,-0.000282,0.000498,1.003316
8.660102,1.000000,-0.000332,0.000490,1.003807
8.670102,1.000000,-0.000381,0.000482,1.004288
8.680102,1.000000,-0.000429,0.000473,1.004761
8.690103,1.000000,-0.000476,0.000464,1.005225
8.700103,1.000000,-0.000522,0.000454,1.005679
8.710103,1.000000,-0.000568,0.000444,1.006123
8.720103,1.000000,-0.000612,0.000434,1.006557
8.730103,1.000000,-0.000656,0.000423,1.006980
8.740104,1.000000,-0.000698,0.000412,1.007392
8.750104,1.000000,-0.000739,0.000401,1.007793
8.760104,1.000000,-0.000779,0.000389,1.008183
8.770104,1.000000,-0.000818,0.000378,1.008561
8.780105,1.000000,-0.000856,0.000366,1.008926
8.790105,1.000000,-0.000893,0.000353,1.009279
8.800105,1.000000,-0.000928,0.000341,1.009620
8.810105,1.000000,-0.000962,0.000328,1.009948
8.820106,1.000000,-0.000995,0.000315,1.010262
8.830106,1.000000,-0.001026,0.000302,1.010564
8.840106,1.000000,-0.001056,0.000288,1.010852
8.850106,1.000000,-0.001085,0.000275,1.011127
8.860106,1.000000,-0.001113,0.000261,1.011388
8.870107,1.000000,-0.001139,0.000247,1.011635
8.880107,1.000000,-0.001164,0.000233,1.011869
8.890107,1.000000,-0.001187,0.000219,1.012088
8.900107,1.000000,-0.001209,0.000205,1.012293
8.910108,1.000000,-0.001229,0.000191,1.012484
8.920108,1.000000,-0.001248,0.000177,1.012661
8.930108,1.000000,-0.001266,0.000162,1.012823
8.940108,1.000000,-0.001282,0.000148,1.012971
8.950109,1.000000,-0.001297,0.000134,1.013105
8.960109,1.000000,-0.001311,0.000119,1.013225
8.970109,1.000000,-0.001322,0.000105,1.013330
8.980109,1.000000,-0.001333,0.000091,1.013421
8.990109,1.000000,-0.001342,0.000077,1.013497
9.000110,1.000000,-0.001350,0.000063,1.013560
9.010110,1.000000,-0.001356,0.000048,1.013608
9.020110,1.000000,-0.001361,0.000034,1.013643
9.030110,1.000000,-0.001364,0.000021,1.013663
9.040111,1.000000,-0.001366,0.000007,1.013670
9.050111,1.000000,-0.001367,-0.000007,1.013663
9.060111,1.000000,-0.001366,-0.000021,1.013643
9.070111,1.000000,-0.001364,-0.000034,1.013609
9.080112,1.000000,-0.001361,-0.000047,1.013562
9.090112,1.000000,-0.001356,-0.000060,1.013501
9.100112,1.000000,-0.001350,-0.000073,1.013428
9.110112,1.000000,-0.001343,-0.000086,1.013343
9.120112,1.000000,-0.001334,-0.000098,1.013244
9.130113,1.000000,-0.001324,-0.000111,1.013134
9.140113,1.000000,-0.001313,-0.000123,1.013011
9.150113,1.000000,-0.001301,-0.000134,1.012877
9.160113,1.000000,-0.001288,-0.000146,1.012731
9.170114,1.000000,-0.001273,-0.000157,1.012574
9.180114,1.000000,-0.001257,-0.000168,1.012406
9.190114,1.000000,-0.001241,-0.000179,1.012227
9.200114,1.000000,-0.001223,-0.000189,1.012037
9.210114,1.000000,-0.001204,-0.000200,1.011837
9.220115,1.000000,-0.001184,-0.000210,1.011628
9.230115,1.000000,-0.001163,-0.000219,1.011409
9.240115,1.000000,-0.001141,-0.000228,1.011180
9.250115,1.000000,-0.001118,-0.000237,1.010943
9.260116,1.000000,-0.001094,-0.000246,1.010696
9.270116,1.000000,-0.001070,-0.000254,1.010442
9.280116,1.000000,-0.001044,-0.000262,1.010180
9.290116,1.000000,-0.001018,-0.000270,1.009910
9.300117,1.000000,-0.000991,-0.000277,1.009632
9.310117,1.000000,-0.000963,-0.000284,1.009348
9.320117,1.000000,-0.000935,-0.000291,1.009057
9.330117,1.000000,-0.000906,-0.000297,1.008759
9.340117,1.000000,-0.000876,-0.000303,1.008456
9.350118,1.000000,-0.000846,-0.000309,1.008147
9.360118,1.000000,-0.000815,-0.000314,1.007833
9.370118,1.000000,-0.000783,-0.000319,1.007515
9.380118,1.000000,-0.000751,-0.000323,1.007191
9.390119,1.000000,-0.000719,-0.000327,1.006864
9.400119,1.000000,-0.000686,-0.000331,1.006533
9.410119,1.000000,-0.000653,-0.000334,1.006199
9.420119,1.000000,-0.000620,-0.000337,1.005861
9.430120,1.000000,-0.000586,-0.000340,1.005521
9.440120,1.000000,-0.000552,-0.000342,1.005179
9.450120,1.000000,-0.000518,-0.000344,1.004834
9.460120,1.000000,-0.000483,-0.000346,1.004488
9.470120,1.000000,-0.000449,-0.000347,1.004141
9.480121,1.000000,-0.000414,-0.000348,1.003793
9.490121,1.000000,-0.000379,-0.000348,1.003445
9.500121,1.000000,-0.000344,-0.000349,1.003096
9.510121,1.000000,-0.000310,-0.000348,1.002748
9.520122,1.000000,-0.000275,-0.000348,1.002400
9.530122,1.000000,-0.000240,-0.000347,1.002053
9.540122,1.000000,-0.000205,-0.000346,1.001707
9.550122,1.000000,-0.000171,-0.000344,1.001363
9.560122,1.000000,-0.000136,-0.000342,1.001021
9.570123,1.000000,-0.000102,-0.000340,1.000681
9.580123,1.000000,-0.000068,-0.000337,1.000343
9.590123,1.000000,-0.000034,-0.000335,1.000009
9.600123,1.000000,-0.000001,-0.000331,0.999677
9.610124,1.000000,0.000032,-0.000328,0.999349
9.620124,1.000000,0.000065,-0.000324,0.999025
9.630124,1.000000,0.000097,-0.000320,0.998705
9.640124,1.000000,0.000130,-0.000316,0.998389
9.650125,1.000000,0.000161,-0.000311,0.998078
9.660125,1.000000,0.000192,-0.000306,0.997771
9.670125,1.000000,0.000223,-0.000301,0.997470
9.680125,1.000000,0.000253,-0.000296,0.997174
9.690125,1.000000,0.000283,-0.000290,0.996884
9.700126,1.000000,0.000312,-0.000285,0.996599
9.710126,1.000000,0.000340,-0.000278,0.996321
9.720126,1.000000,0.000368,-0.000272,0.996049
9.730126,1.000000,0.000395,-0.000266,0.995783
9.740127,1.000000,0.000422,-0.000259,0.995524
9.750127,1.000000,0.000448,-0.000252,0.995272
9.760127,1.000000,0.000473,-0.000245,0.995027
9.770127,1.000000,0.000497,-0.000238,0.994789
9.780128,1.000000,0.000521,-0.000230,0.994559
9.790128,1.000000,0.000544,-0.000223,0.994337
9.800128,1.000000,0.000566,-0.000215,0.994122
9.810128,1.000000,0.000588,-0.000207,0.993915
9.820128,1.000000,0.000609,-0.000199,0.993716
9.830129,1.000000,0.000628,-0.000191,0.993525
9.840129,1.000000,0.000648,-0.000183,0.993342
9.850129,1.000000,0.000666,-0.000174,0.993168
9.860129,1.000000,0.000683,-0.000166,0.993002
9.870130,1.000000,0.000700,-0.000157,0.992845
9.880130,1.000000,0.000715,-0.000149,0.992696
9.890130,1.000000,0.000730,-0.000140,0.992557
9.900130,1.000000,0.000744,-0.000131,0.992425
9.910131,1.000000,0.000757,-0.000122,0.992303
9.920131,1.000000,0.000770,-0.000114,0.992189
9.930131,1.000000,0.000781,-0.000105,0.992085
9.940131,1.000000,0.000792,-0.000096,0.991989
9.950131,1.000000,0.000801,-0.000087,0.991902
9.960132,1.000000,0.000810,-0.000078,0.991824
9.970132,1.000000,0.000818,-0.000069,0.991754
9.980132,1.000000,0.000825,-0.000060,0.991694
9.990132,1.000000,0.000831,-0.000052,0.991643
10.000133,1.000000,0.000836,-0.000043,0.991600
10.010133,1.000000,0.000840,-0.000034,0.991566
10.020133,1.000000,0.000843,-0.000025,0.991541
10.030133,1.000000,0.000846,-0.000017,0.991524
10.040133,1.000000,0.000848,-0.000008,0.991516
10.050134,1.000000,0.000848,0.000001,0.991517
10.060134,1.000000,0.000848,0.000009,0.991526
10.070134,1.000000,0.000847,0.000017,0.991543
10.080134,1.000000,0.000846,0.000026,0.991569
10.090135,1.000000,0.000843,0.000034,0.991603
10.100135,1.000000,0.000840,0.000042,0.991645
10.110135,1.000000,0.000836,0.000050,0.991694
10.120135,1.000000,0.000831,0.000058,0.991752
10.130136,1.000000,0.000825,0.000065,0.991817
10.140136,1.000000,0.000818,0.000073,0.991890
10.150136,1.000000,0.000811,0.000080,0.991970
10.160136,1.000000,0.000803,0.000087,0.992057
10.170136,1.000000,0.000794,0.000094,0.992152
10.180137,1.000000,0.000785,0.000101,0.992253
10.190137,1.000000,0.000775,0.000108,0.992361
10.200137,1.000000,0.000764,0.000115,0.992476
10.210137,1.000000,0.000752,0.000121,0.992597
10.220138,1.000000,0.000740,0.000127,0.992725
10.230138,1.000000,0.000728,0.000133,0.992858
10.240138,1.000000,0.000714,0.000139,0.992998
10.250138,1.000000,0.000700,0.000145,0.993142
10.260139,1.000000,0.000686,0.000150,0.993293
10.270139,1.000000,0.000671,0.000156,0.993449
10.280139,1.000000,0.000655,0.000161,0.993609
10.290139,1.000000,0.000639,0.000166,0.993775
10.300139,1.000000,0.000623,0.000170,0.993945
10.310140,1.000000,0.000605,0.000175,0.994120
10.320140,1.000000,0.000588,0.000179,0.994298
10.330140,1.000000,0.000570,0.000183,0.994481
10.340140,1.000000,0.000552,0.000187,0.994668
10.350141,1.000000,0.000533,0.000190,0.994858
10.360141,1.000000,0.000514,0.000193,0.995051
10.370141,1.000000,0.000495,0.000197,0.995248
10.380141,1.000000,0.000475,0.000199,0.995447
10.390141,1.000000,0.000455,0.000202,0.995650
10.400142,1.000000,0.000435,0.000204,0.995854
10.410142,1.000000,0.000415,0.000207,0.996061
10.420142,1.000000,0.000394,0.000209,0.996269
10.430142,1.000000,0.000373,0.000210,0.996480
10.440143,1.000000,0.000352,0.000212,0.996692
10.450143,1.000000,0.000331,0.000213,0.996905
10.460143,1.000000,0.000310,0.000214,0.997119
10.470143,1.000000,0.000288,0.000215,0.997334
10.480144,1.000000,0.000267,0.000216,0.997550
10.490144,1.000000,0.000245,0.000216,0.997766
10.500144,1.000000,0.000223,0.000216,0.997983
10.510144,1.000000,0.000202,0.000216,0.998199
10.520144,1.000000,0.000180,0.000216,0.998415
10.530145,1.000000,0.000159,0.000216,0.998631
10.540145,1.000000,0.000137,0.000215,0.998845
10.550145,1.000000,0.000115,0.000214,0.999059
10.560145,1.000000,0.000094,0.000213,0.999272
10.570146,1.000000,0.000073,0.000212,0.999484
10.580146,1.000000,0.000052,0.000210,0.999694
10.590146,1.000000,0.000031,0.000208,0.999903
10.600146,1.000000,0.000010,0.000207,1.000109
10.610147,1.000000,-0.000011,0.000205,1.000314
10.620147,1.000000,-0.000031,0.000202,1.000516
10.630147,1.000000,-0.000052,0.000200,1.000716
10.640147,1.000000,-0.000072,0.000197,1.000914
10.650147,1.000000,-0.000091,0.000195,1.001108
10.660148,1.000000,-0.000111,0.000192,1.001300
10.670148,1.000000,-0.000130,0.000188,1.001488
10.680148,1.000000,-0.000149,0.000185,1.001673
10.690148,1.000000,-0.000167,0.000182,1.001855
10.700149,1.000000,-0.000186,0.000178,1.002033
10.710149,1.000000,-0.000203,0.000174,1.002208
10.720149,1.000000,-0.000221,0.000171,1.002378
10.730149,1.000000,-0.000238,0.000167,1.002545
10.740149,1.000000,-0.000255,0.000163,1.002708
10.750150,1.000000,-0.000271,0.000158,1.002866
10.760150,1.000000,-0.000287,0.000154,1.003020
10.770150,1.000000,-0.000302,0.000150,1.003170
10.780150,1.000000,-0.000317,0.000145,1.003314
10.790151,1.000000,-0.000331,0.000140,1.003455
10.800151,1.000000,-0.000345,0.000136,1.003590
10.810151,1.000000,-0.000359,0.000131,1.003721
10.820151,1.000000,-0.000372,0.000126,1.003847
10.830152,1.000000,-0.000385,0.000121,1.003967
10.840152,1.000000,-0.000397,0.000116,1.004083
10.850152,1.000000,-0.000408,0.000110,1.004193
10.860152,1.000000,-0.000419,0.000105,1.004299
10.870152,1.000000,-0.000430,0.000100,1.004398
10.880153,1.000000,-0.000440,0.000095,1.004493
10.890153,1.000000,-0.000449,0.000089,1.004582
10.900153,1.000000,-0.000458,0.000084,1.004666
10.910153,1.000000,-0.000467,0.000078,1.004745
10.920154,1.000000,-0.000474,0.000073,1.004818
10.930154,1.000000,-0.000482,0.000067,1.004885
10.940154,1.000000,-0.000489,0.000062,1.004947
10.950154,1.000000,-0.000495,0.000056,1.005003
10.960155,1.000000,-0.000500,0.000051,1.005054
10.970155,1.000000,-0.000505,0.000045,1.005100
10.980155,1.000000,-0.000510,0.000040,1.005140
10.990155,1.000000,-0.000514,0.000034,1.005174
11.000155,1.000000,-0.000517,0.000029,1.005203
11.010156,1.000000,-0.000520,0.000023,1.005226
11.020156,1.000000,-0.000523,0.000018,1.005244
11.030156,1.000000,-0.000524,0.000013,1.005257
11.040156,1.000000,-0.000526,0.000007,1.005264
11.050157,1.000000,-0.000526,0.000002,1.005266
11.060157,1.000000,-0.000527,-0.000003,1.005263
11.070157,1.000000,-0.000526,-0.000009,1.005255
11.080157,1.000000,-0.000525,-0.000014,1.005241
11.090158,1.000000,-0.000524,-0.000019,1.005222
11.100158,1.000000,-0.000522,-0.000024,1.005198
11.110158,1.000000,-0.000520,-0.000029,1.005170
11.120158,1.000000,-0.000517,-0.000034,1.005136
11.130158,1.000000,-0.000514,-0.000038,1.005098
11.140159,1.000000,-0.000510,-0.000043,1.005054
11.150159,1.000000,-0.000505,-0.000048,1.005007
11.160159,1.000000,-0.000501,-0.000052,1.004954
11.170159,1.000000,-0.000495,-0.000057,1.004898
11.180160,1.000000,-0.000490,-0.000061,1.004837
11.190160,1.000000,-0.000484,-0.000065,1.004771
11.200160,1.000000,-0.000477,-0.000069,1.004702
11.210160,1.000000,-0.000470,-0.000073,1.004628
11.220160,1.000000,-0.000463,-0.000077,1.004551
11.230161,1.000000,-0.000455,-0.000081,1.004470
11.240161,1.000000,-0.000447,-0.000085,1.004385
11.250161,1.000000,-0.000438,-0.000088,1.004297
11.260161,1.000000,-0.000430,-0.000092,1.004205
11.270162,1.000000,-0.000420,-0.000095,1.004109
11.280162,1.000000,-0.000411,-0.000098,1.004011
11.290162,1.000000,-0.000401,-0.000101,1.003910
11.300162,1.000000,-0.000391,-0.000104,1.003805
11.310163,1.000000,-0.000381,-0.000107,1.003698
11.320163,1.000000,-0.000370,-0.000110,1.003588
11.330163,1.000000,-0.000359,-0.000112,1.003476
11.340163,1.000000,-0.000348,-0.000115,1.003361
11.350163,1.000000,-0.000336,-0.000117,1.003244
11.360164,1.000000,-0.000324,-0.000119,1.003125
11.370164,1.000000,-0.000312,-0.000121,1.003003
11.380164,1.000000,-0.000300,-0.000123,1.002880
11.390164,1.000000,-0.000288,-0.000125,1.002756
11.400165,1.000000,-0.000276,-0.000126,1.002630
11.410165,1.000000,-0.000263,-0.000128,1.002502
11.420165,1.000000,-0.000250,-0.000129,1.002373
11.430165,1.000000,-0.000237,-0.000130,1.002243
11.440166,1.000000,-0.000224,-0.000131,1.002112
11.450166,1.000000,-0.000211,-0.000132,1.001980
11.460166,1.000000,-0.000198,-0.000133,1.001847
11.470166,1.000000,-0.000185,-0.000133,1.001714
11.480166,1.000000,-0.000171,-0.000134,1.001580
11.490167,1.000000,-0.000158,-0.000134,1.001446
11.500167,1.000000,-0.000145,-0.000134,1.001312
11.510167,1.000000,-0.000131,-0.000134,1.001177
11.520167,1.000000,-0.000118,-0.000134,1.001043
11.530168,1.000000,-0.000104,-0.000134,1.000909
11.540168,1.000000,-0.000091,-0.000134,1.000775
11.550168,1.000000,-0.000078,-0.000133,1.000642
11.560168,1.000000,-0.000064,-0.000132,1.000510
11.570168,1.000000,-0.000051,-0.000132,1.000378
11.580169,1.000000,-0.000038,-0.000131,1.000247
11.590169,1.000000,-0.000025,-0.000130,1.000117
11.600169,1.000000,-0.000012,-0.000129,0.999989
11.610169,1.000000,0.000001,-0.000128,0.999861
11.620170,1.000000,0.000014,-0.000126,0.999735
11.630170,1.000000,0.000027,-0.000125,0.999610
11.640170,1.000000,0.000039,-0.000123,0.999487
11.650170,1.000000,0.000051,-0.000122,0.999365
11.660171,1.000000,0.000063,-0.000120,0.999246
11.670171,1.000000,0.000075,-0.000118,0.999128
11.680171,1.000000,0.000087,-0.000116,0.999012
11.690171,1.000000,0.000099,-0.000114,0.998898
11.700171,1.000000,0.000110,-0.000112,0.998787
11.710172,1.000000,0.000121,-0.000109,0.998677
11.720172,1.000000,0.000132,-0.000107,0.998570
11.730172,1.000000,0.000143,-0.000105,0.998466
11.740172,1.000000,0.000153,-0.000102,0.998364
11.750173,1.000000,0.000164,-0.000099,0.998264
11.760173,1.000000,0.000174,-0.000097,0.998167
11.770173,1.000000,0.000183,-0.000094,0.998073
11.780173,1.000000,0.000193,-0.000091,0.997982
11.790174,1.000000,0.000202,-0.000088,0.997894
11.800174,1.000000,0.000211,-0.000085,0.997808
11.810174,1.000000,0.000219,-0.000082,0.997726
11.820174,1.000000,0.000227,-0.000079,0.997647
11.830174,1.000000,0.000235,-0.000076,0.997570
11.840175,1.000000,0.000243,-0.000073,0.997497
11.850175,1.000000,0.000250,-0.000070,0.997427
11.860175,1.000000,0.000257,-0.000067,0.997360
11.870175,1.000000,0.000264,-0.000063,0.997297
11.880176,1.000000,0.000270,-0.000060,0.997237
11.890176,1.000000,0.000276,-0.000057,0.997180
11.900176,1.000000,0.000282,-0.000054,0.997126
11.910176,1.000000,0.000287,-0.000050,0.997076
11.920177,1.000000,0.000292,-0.000047,0.997029
11.930177,1.000000,0.000297,-0.000043,0.996986
11.940177,1.000000,0.000301,-0.000040,0.996946
11.950177,1.000000,0.000305,-0.000037,0.996910
11.960177,1.000000,0.000309,-0.000033,0.996876
11.970178,1.000000,0.000312,-0.000030,0.996847
11.980178,1.000000,0.000315,-0.000026,0.996820
11.990178,1.000000,0.000318,-0.000023,0.996798
12.000178,1.000000,0.000320,-0.000019,0.996778
12.010179,1.000000,0.000322,-0.000016,0.996762
12.020179,1.000000,0.000324,-0.000013,0.996749
12.030179,1.000000,0.000325,-0.000009,0.996740
12.040179,1.000000,0.000326,-0.000006,0.996734
12.050179,1.000000,0.000327,-0.000003,0.996732
12.060180,1.000000,0.000327,0.000001,0.996732
12.070180,1.000000,0.000327,0.000004,0.996736
12.080180,1.000000,0.000326,0.000007,0.996743
12.090180,1.000000,0.000326,0.000010,0.996753
12.100181,1.000000,0.000325,0.000013,0.996767
12.110181,1.000000,0.000323,0.000016,0.996783
12.120181,1.000000,0.000322,0.000020,0.996803
12.130181,1.000000,0.000320,0.000023,0.996825
12.140182,1.000000,0.000317,0.000025,0.996851
12.150182,1.000000,0.000315,0.000028,0.996879
12.160182,1.000000,0.000312,0.000031,0.996910
12.170182,1.000000,0.000309,0.000034,0.996944
12.180182,1.000000,0.000306,0.000037,0.996981
12.190183,1.000000,0.000302,0.000039,0.997020
12.200183,1.000000,0.000298,0.000042,0.997062
12.210183,1.000000,0.000294,0.000044,0.997107
12.220183,1.000000,0.000289,0.000047,0.997154
12.230184,1.000000,0.000285,0.000049,0.997203
12.240184,1.000000,0.000280,0.000052,0.997255
12.250184,1.000000,0.000275,0.000054,0.997309
12.260184,1.000000,0.000269,0.000056,0.997365
12.270185,1.000000,0.000264,0.000058,0.997423
12.280185,1.000000,0.000258,0.000060,0.997483
12.290185,1.000000,0.000252,0.000062,0.997545
12.300185,1.000000,0.000245,0.000064,0.997609
12.310185,1.000000,0.000239,0.000066,0.997675
12.320186,1.000000,0.000232,0.000067,0.997743
12.330186,1.000000,0.000226,0.000069,0.997812
12.340186,1.000000,0.000219,0.000071,0.997882
12.350186,1.000000,0.000212,0.000072,0.997954
12.360187,1.000000,0.000205,0.000073,0.998028
12.370187,1.000000,0.000197,0.000075,0.998102
12.380187,1.000000,0.000190,0.000076,0.998178
12.390187,1.000000,0.000182,0.000077,0.998255
12.400187,1.000000,0.000174,0.000078,0.998333
12.410188,1.000000,0.000167,0.000079,0.998412
12.420188,1.000000,0.000159,0.000080,0.998492
12.430188,1.000000,0.000151,0.000080,0.998572
12.440188,1.000000,0.000143,0.000081,0.998653
12.450189,1.000000,0.000135,0.000082,0.998735
12.460189,1.000000,0.000126,0.000082,0.998817
12.470189,1.000000,0.000118,0.000083,0.998900
12.480189,1.000000,0.000110,0.000083,0.998983
12.490190,1.000000,0.000102,0.000083,0.999066
12.500190,1.000000,0.000093,0.000083,0.999149
12.510190,1.000000,0.000085,0.000083,0.999233
12.520190,1.000000,0.000077,0.000083,0.999316
12.530190,1.000000,0.000068,0.000083,0.999399
12.540191,1.000000,0.000060,0.000083,0.999482
12.550191,1.000000,0.000052,0.000083,0.999565
12.560191,1.000000,0.000044,0.000082,0.999647
12.570191,1.000000,0.000035,0.000082,0.999729
12.580192,1.000000,0.000027,0.000081,0.999811
12.590192,1.000000,0.000019,0.000081,0.999892
12.600192,1.000000,0.000011,0.000080,0.999972
12.610192,1.000000,0.000003,0.000080,1.000051
12.620193,1.000000,-0.000005,0.000079,1.000130
12.630193,1.000000,-0.000013,0.000078,1.000208
12.640193,1.000000,-0.000021,0.000077,1.000285
12.650193,1.000000,-0.000028,0.000076,1.000361
12.660193,1.000000,-0.000036,0.000075,1.000435
12.670194,1.000000,-0.000044,0.000074,1.000509
12.680194,1.000000,-0.000051,0.000072,1.000582
12.690194,1.000000,-0.000058,0.000071,1.000653
12.700194,1.000000,-0.000065,0.000070,1.000723
12.710195,1.000000,-0.000072,0.000068,1.000791
12.720195,1.000000,-0.000079,0.000067,1.000858
12.730195,1.000000,-0.000086,0.000066,1.000924
12.740195,1.000000,-0.000092,0.000064,1.000988
12.750196,1.000000,-0.000099,0.000062,1.001050
12.760196,1.000000,-0.000105,0.000061,1.001111
12.770196,1.000000,-0.000111,0.000059,1.001170
12.780196,1.000000,-0.000117,0.000057,1.001227
12.790196,1.000000,-0.000123,0.000056,1.001283
12.800197,1.000000,-0.000128,0.000054,1.001337
12.810197,1.000000,-0.000134,0.000052,1.001389
12.820197,1.000000,-0.000139,0.000050,1.001439
12.830197,1.000000,-0.000144,0.000048,1.001487
12.840198,1.000000,-0.000149,0.000046,1.001533
12.850198,1.000000,-0.000153,0.000044,1.001578
12.860198,1.000000,-0.000158,0.000042,1.001620
12.870198,1.000000,-0.000162,0.000040,1.001660
12.880198,1.000000,-0.000166,0.000038,1.001699
12.890199,1.000000,-0.000170,0.000036,1.001735
12.900199,1.000000,-0.000173,0.000034,1.001769
12.910199,1.000000,-0.000177,0.000032,1.001801
12.920199,1.000000,-0.000180,0.000030,1.001831
12.930200,1.000000,-0.000183,0.000028,1.001859
12.940200,1.000000,-0.000186,0.000026,1.001885
12.950200,1.000000,-0.000188,0.000024,1.001908
12.960200,1.000000,-0.000191,0.000021,1.001930
12.970201,1.000000,-0.000193,0.000019,1.001949
12.980201,1.000000,-0.000195,0.000017,1.001966
12.990201,1.000000,-0.000197,0.000015,1.001981
13.000201,1.000000,-0.000198,0.000013,1.001994
13.010201,1.000000,-0.000199,0.000011,1.002005
13.020202,1.000000,-0.000201,0.000009,1.002014
13.030202,1.000000,-0.000201,0.000007,1.002021
13.040202,1.000000,-0.000202,0.000005,1.002025
13.050202,1.000000,-0.000203,0.000003,1.002028
13.060203,1.000000,-0.000203,0.000001,1.002028
13.070203,1.000000,-0.000203,-0.000001,1.002027
13.080203,1.000000,-0.000203,-0.000004,1.002023
13.090203,1.000000,-0.000202,-0.000005,1.002018
13.100204,1.000000,-0.000202,-0.000007,1.002011
13.110204,1.000000,-0.000201,-0.000009,1.002001
13.120204,1.000000,-0.000200,-0.000011,1.001990
13.130204,1.000000,-0.000199,-0.000013,1.001977
13.140204,1.000000,-0.000198,-0.000015,1.001962
13.150205,1.000000,-0.000196,-0.000017,1.001945
13.160205,1.000000,-0.000194,-0.000019,1.001926
13.170205,1.000000,-0.000193,-0.000020,1.001906
13.180205,1.000000,-0.000191,-0.000022,1.001884
13.190206,1.000000,-0.000188,-0.000024,1.001860
13.200206,1.000000,-0.000186,-0.000025,1.001835
13.210206,1.000000,-0.000183,-0.000027,1.001808
13.220206,1.000000,-0.000181,-0.000028,1.001779
13.230206,1.000000,-0.000178,-0.000030,1.001749
13.240207,1.000000,-0.000175,-0.000031,1.001718
13.250207,1.000000,-0.000172,-0.000033,1.001685
13.260207,1.000000,-0.000169,-0.000034,1.001651
13.270207,1.000000,-0.000165,-0.000036,1.001615
13.280208,1.000000,-0.000162,-0.000037,1.001578
13.290208,1.000000,-0.000158,-0.000038,1.001540
13.300208,1.000000,-0.000154,-0.000039,1.001501
13.310208,1.000000,-0.000150,-0.000040,1.001461
13.320209,1.000000,-0.000146,-0.000041,1.001420
13.330209,1.000000,-0.000142,-0.000042,1.001377
13.340209,1.000000,-0.000138,-0.000043,1.001334
13.350209,1.000000,-0.000133,-0.000044,1.001289
13.360209,1.000000,-0.000129,-0.000045,1.001244
13.370210,1.000000,-0.000124,-0.000046,1.001198
13.380210,1.000000,-0.000120,-0.000047,1.001151
13.390210,1.000000,-0.000115,-0.000047,1.001104
13.400210,1.000000,-0.000110,-0.000048,1.001056
13.410211,1.000000,-0.000106,-0.000049,1.001007
13.420211,1.000000,-0.000101,-0.000049,1.000958
13.430211,1.000000,-0.000096,-0.000050,1.000908
13.440211,1.000000,-0.000091,-0.000050,1.000858
13.450212,1.000000,-0.000086,-0.000051,1.000807
13.460212,1.000000,-0.000081,-0.000051,1.000757
13.470212,1.000000,-0.000076,-0.000051,1.000705
13.480212,1.000000,-0.000071,-0.000051,1.000654
13.490212,1.000000,-0.000065,-0.000052,1.000602
13.500213,1.000000,-0.000060,-0.000052,1.000551
13.510213,1.000000,-0.000055,-0.000052,1.000499
13.520213,1.000000,-0.000050,-0.000052,1.000447
13.530213,1.000000,-0.000045,-0.000052,1.000396
13.540214,1.000000,-0.000040,-0.000052,1.000344
13.550214,1.000000,-0.000034,-0.000051,1.000293
13.560214,1.000000,-0.000029,-0.000051,1.000242
13.570214,1.000000,-0.000024,-0.000051,1.000190
13.580215,1.000000,-0.000019,-0.000051,1.000140
13.590215,1.000000,-0.000014,-0.000050,1.000090
13.600215,1.000000,-0.000009,-0.000050,1.000040
13.610215,1.000000,-0.000004,-0.000050,0.999990
13.620215,1.000000,0.000001,-0.000049,0.999941
13.630216,1.000000,0.000006,-0.000049,0.999892
13.640216,1.000000,0.000011,-0.000048,0.999844
13.650216,1.000000,0.000016,-0.000047,0.999797
13.660216,1.000000,0.000020,-0.000047,0.999750
13.670217,1.000000,0.000025,-0.000046,0.999704
13.680217,1.000000,0.000030,-0.000045,0.999659
13.690217,1.000000,0.000034,-0.000045,0.999615
13.700217,1.000000,0.000039,-0.000044,0.999571
13.710217,1.000000,0.000043,-0.000043,0.999528
13.720218,1.000000,0.000047,-0.000042,0.999486
13.730218,1.000000,0.000051,-0.000041,0.999445
13.740218,1.000000,0.000056,-0.000040,0.999405
13.750218,1.000000,0.000060,-0.000039,0.999365
13.760219,1.000000,0.000063,-0.000038,0.999327
13.770219,1.000000,0.000067,-0.000037,0.999290
13.780219,1.000000,0.000071,-0.000036,0.999254
13.790219,1.000000,0.000075,-0.000035,0.999219
13.800220,1.000000,0.000078,-0.000034,0.999185
13.810220,1.000000,0.000081,-0.000033,0.999152
13.820220,1.000000,0.000085,-0.000032,0.999121
13.830220,1.000000,0.000088,-0.000030,0.999090
13.840220,1.000000,0.000091,-0.000029,0.999061
13.850221,1.000000,0.000094,-0.000028,0.999033
13.860221,1.000000,0.000097,-0.000027,0.999006
13.870221,1.000000,0.000099,-0.000026,0.998981
13.880221,1.000000,0.000102,-0.000024,0.998956
13.890222,1.000000,0.000104,-0.000023,0.998933
13.900222,1.000000,0.000107,-0.000022,0.998911
13.910222,1.000000,0.000109,-0.000020,0.998891
13.920222,1.000000,0.000111,-0.000019,0.998872
13.930223,1.000000,0.000113,-0.000018,0.998854
13.940223,1.000000,0.000115,-0.000017,0.998837
13.950223,1.000000,0.000116,-0.000015,0.998822
13.960223,1.000000,0.000118,-0.000014,0.998808
13.970223,1.000000,0.000119,-0.000013,0.998796
13.980224,1.000000,0.000120,-0.000011,0.998784
13.990224,1.000000,0.000122,-0.000010,0.998774
14.000224,1.000000,0.000123,-0.000009,0.998766
14.010224,1.000000,0.000123,-0.000007,0.998758
14.020225,1.000000,0.000124,-0.000006,0.998752
14.030225,1.000000,0.000125,-0.000005,0.998748
14.040225,1.000000,0.000125,-0.000003,0.998744
14.050225,1.000000,0.000126,-0.000002,0.998742
14.060225,1.000000,0.000126,-0.000001,0.998741
14.070226,1.000000,0.000126,0.000000,0.998741
14.080226,1.000000,0.000126,0.000002,0.998743
14.090226,1.000000,0.000126,0.000003,0.998746
14.100226,1.000000,0.000125,0.000004,0.998750
14.110227,1.000000,0.000125,0.000005,0.998755
14.120227,1.000000,0.000124,0.000006,0.998762
14.130227,1.000000,0.000124,0.000008,0.998769
14.140227,1.000000,0.000123,0.000009,0.998778
14.150228,1.000000,0.000122,0.000010,0.998788
14.160228,1.000000,0.000121,0.000011,0.998799
14.170228,1.000000,0.000120,0.000012,0.998811
14.180228,1.000000,0.000119,0.000013,0.998825
14.190228,1.000000,0.000118,0.000014,0.998839
14.200229,1.000000,0.000116,0.000015,0.998854
14.210229,1.000000,0.000115,0.000016,0.998870
14.220229,1.000000,0.000113,0.000017,0.998888
14.230229,1.000000,0.000111,0.000018,0.998906
14.240230,1.000000,0.000109,0.000019,0.998925
14.250230,1.000000,0.000108,0.000020,0.998945
14.260230,1.000000,0.000106,0.000021,0.998966
14.270230,1.000000,0.000103,0.000022,0.998988
14.280231,1.000000,0.000101,0.000022,0.999010
14.290231,1.000000,0.000099,0.000023,0.999033
14.300231,1.000000,0.000097,0.000024,0.999057
14.310231,1.000000,0.000094,0.000025,0.999082
14.320231,1.000000,0.000092,0.000025,0.999107
14.330232,1.000000,0.000089,0.000026,0.999133
14.340232,1.000000,0.000087,0.000027,0.999160
14.350232,1.000000,0.000084,0.000027,0.999187
14.360232,1.000000,0.000081,0.000028,0.999215
14.370233,1.000000,0.000078,0.000028,0.999244
14.380233,1.000000,0.000076,0.000029,0.999272
14.390233,1.000000,0.000073,0.000029,0.999302
14.400233,1.000000,0.000070,0.000030,0.999331
14.410233,1.000000,0.000067,0.000030,0.999361
14.420234,1.000000,0.000064,0.000030,0.999392
14.430234,1.000000,0.000061,0.000031,0.999423
14.440234,1.000000,0.000058,0.000031,0.999454
14.450234,1.000000,0.000055,0.000031,0.999485
14.460235,1.000000,0.000052,0.000031,0.999516
14.470235,1.000000,0.000048,0.000032,0.999548
14.480235,1.000000,0.000045,0.000032,0.999580
14.490235,1.000000,0.000042,0.000032,0.999612
14.500236,1.000000,0.000039,0.000032,0.999644
14.510236,1.000000,0.000036,0.000032,0.999676
14.520236,1.000000,0.000032,0.000032,0.999708
14.530236,1.000000,0.000029,0.000032,0.999740
14.540236,1.000000,0.000026,0.000032,0.999772
14.550237,1.000000,0.000023,0.000032,0.999804
14.560237,1.000000,0.000020,0.000032,0.999836
14.570237,1.000000,0.000016,0.000032,0.999868
14.580237,1.000000,0.000013,0.000032,0.999899
14.590238,1.000000,0.000010,0.000031,0.999931
14.600238,1.000000,0.000007,0.000031,0.999962
14.610238,1.000000,0.000004,0.000031,0.999993
14.620238,1.000000,0.000001,0.000031,1.000023
14.630239,1.000000,-0.000002,0.000030,1.000053
14.640239,1.000000,-0.000005,0.000030,1.000083
14.650239,1.000000,-0.000008,0.000030,1.000113
14.660239,1.000000,-0.000011,0.000029,1.000142
14.670239,1.000000,-0.000014,0.000029,1.000171
14.680240,1.000000,-0.000017,0.000028,1.000199
14.690240,1.000000,-0.000020,0.000028,1.000227
14.700240,1.000000,-0.000023,0.000027,1.000255
14.710240,1.000000,-0.000025,0.000027,1.000281
14.720241,1.000000,-0.000028,0.000026,1.000308
14.730241,1.000000,-0.000031,0.000026,1.000333
14.740241,1.000000,-0.000033,0.000025,1.000359
14.750241,1.000000,-0.000036,0.000025,1.000383
14.760242,1.000000,-0.000038,0.000024,1.000407
14.770242,1.000000,-0.000041,0.000023,1.000430
14.780242,1.000000,-0.000043,0.000023,1.000453
14.790242,1.000000,-0.000045,0.000022,1.000475
14.800242,1.000000,-0.000048,0.000021,1.000497
14.810243,1.000000,-0.000050,0.000021,1.000517
14.820243,1.000000,-0.000052,0.000020,1.000537
14.830243,1.000000,-0.000054,0.000019,1.000556
14.840243,1.000000,-0.000056,0.000018,1.000575
14.850244,1.000000,-0.000057,0.000018,1.000592
14.860244,1.000000,-0.000059,0.000017,1.000609
14.870244,1.000000,-0.000061,0.000016,1.000626
14.880244,1.000000,-0.000063,0.000015,1.000641
14.890244,1.000000,-0.000064,0.000015,1.000656
14.900245,1.000000,-0.000066,0.000014,1.000669
14.910245,1.000000,-0.000067,0.000013,1.000683
14.920245,1.000000,-0.000068,0.000012,1.000695
14.930245,1.000000,-0.000069,0.000011,1.000706
14.940246,1.000000,-0.000071,0.000011,1.000717
14.950246,1.000000,-0.000072,0.000010,1.000727
14.960246,1.000000,-0.000073,0.000009,1.000736
14.970246,1.000000,-0.000074,0.000008,1.000744
14.980247,1.000000,-0.000074,0.000007,1.000751
14.990247,1.000000,-0.000075,0.000007,1.000758
15.000247,1.000000,-0.000076,0.000006,1.000764
15.010247,1.000000,-0.000076,0.000005,1.000769
15.020247,1.000000,-0.000077,0.000004,1.000773
15.030248,1.000000,-0.000077,0.000003,1.000776
15.040248,1.000000,-0.000078,0.000002,1.000778
15.050248,1.000000,-0.000078,0.000002,1.000780
15.060248,1.000000,-0.000078,0.000001,1.000781
15.070249,1.000000,-0.000078,0.000000,1.000781
15.080249,1.000000,-0.000078,-0.000001,1.000780
15.090249,1.000000,-0.000078,-0.000001,1.000779
15.100249,1.000000,-0.000078,-0.000002,1.000777
15.110250,1.000000,-0.000078,-0.000003,1.000774
15.120250,1.000000,-0.000077,-0.000004,1.000770
15.130250,1.000000,-0.000077,-0.000004,1.000766
15.140250,1.000000,-0.000077,-0.000005,1.000761
15.150250,1.000000,-0.000076,-0.000006,1.000755
15.160251,1.000000,-0.000075,-0.000007,1.000748
15.170251,1.000000,-0.000075,-0.000007,1.000741
15.180251,1.000000,-0.000074,-0.000008,1.000733
15.190251,1.000000,-0.000073,-0.000009,1.000725
15.200252,1.000000,-0.000072,-0.000009,1.000715
15.210252,1.000000,-0.000072,-0.000010,1.000706
15.220252,1.000000,-0.000071,-0.000010,1.000695
15.230252,1.000000,-0.000070,-0.000011,1.000684
15.240252,1.000000,-0.000068,-0.000012,1.000673
15.250253,1.000000,-0.000067,-0.000012,1.000660
15.260253,1.000000,-0.000066,-0.000013,1.000648
15.270253,1.000000,-0.000065,-0.000013,1.000634
15.280253,1.000000,-0.000063,-0.000014,1.000621
15.290254,1.000000,-0.000062,-0.000014,1.000607
15.300254,1.000000,-0.000061,-0.000015,1.000592
15.310254,1.000000,-0.000059,-0.000015,1.000577
15.320254,1.000000,-0.000058,-0.000016,1.000561
15.330255,1.000000,-0.000056,-0.000016,1.000545
15.340255,1.000000,-0.000055,-0.000016,1.000529
15.350255,1.000000,-0.000053,-0.000017,1.000512
15.360255,1.000000,-0.000051,-0.000017,1.000495
15.370255,1.000000,-0.000049,-0.000017,1.000478
15.380256,1.000000,-0.000048,-0.000018,1.000460
15.390256,1.000000,-0.000046,-0.000018,1.000442
15.400256,1.000000,-0.000044,-0.000018,1.000423
15.410256,1.000000,-0.000042,-0.000019,1.000405
15.420257,1.000000,-0.000040,-0.000019,1.000386
15.430257,1.000000,-0.000039,-0.000019,1.000367
15.440257,1.000000,-0.000037,-0.000019,1.000348
15.450257,1.000000,-0.000035,-0.000019,1.000329
15.460258,1.000000,-0.000033,-0.000019,1.000309
15.470258,1.000000,-0.000031,-0.000020,1.000290
15.480258,1.000000,-0.000029,-0.000020,1.000270
15.490258,1.000000,-0.000027,-0.000020,1.000250
15.500258,1.000000,-0.000025,-0.000020,1.000230
15.510259,1.000000,-0.000023,-0.000020,1.000210
15.520259,1.000000,-0.000021,-0.000020,1.000190
15.530259,1.000000,-0.000019,-0.000020,1.000170
15.540259,1.000000,-0.000017,-0.000020,1.000151
15.550260,1.000000,-0.000015,-0.000020,1.000131
15.560260,1.000000,-0.000013,-0.000020,1.000111
15.570260,1.000000,-0.000011,-0.000020,1.000091
15.580260,1.000000,-0.000009,-0.000020,1.000071
15.590261,1.000000,-0.000007,-0.000020,1.000052
15.600261,1.000000,-0.000005,-0.000019,1.000032
15.610261,1.000000,-0.000003,-0.000019,1.000013
15.620261,1.000000,-0.000001,-0.000019,0.999994
15.630261,1.000000,0.000001,-0.000019,0.999975
15.640262,1.000000,0.000002,-0.000019,0.999957
15.650262,1.000000,0.000004,-0.000018,0.999938
15.660262,1.000000,0.000006,-0.000018,0.999920
15.670262,1.000000,0.000008,-0.000018,0.999902
15.680263,1.000000,0.000010,-0.000018,0.999884
15.690263,1.000000,0.000012,-0.000017,0.999867
15.700263,1.000000,0.000013,-0.000017,0.999850
15.710263,1.000000,0.000015,-0.000017,0.999833
15.720263,1.000000,0.000017,-0.000016,0.999816
15.730264,1.000000,0.000018,-0.000016,0.999800
15.740264,1.000000,0.000020,-0.000016,0.999784
15.750264,1.000000,0.000022,-0.000015,0.999769
15.760264,1.000000,0.000023,-0.000015,0.999754
15.770265,1.000000,0.000025,-0.000015,0.999739
15.780265,1.000000,0.000026,-0.000014,0.999725
15.790265,1.000000,0.000027,-0.000014,0.999711
15.800265,1.000000,0.000029,-0.000013,0.999698
15.810266,1.000000,0.000030,-0.000013,0.999685
15.820266,1.000000,0.000032,-0.000013,0.999672
15.830266,1.000000,0.000033,-0.000012,0.999660
15.840266,1.000000,0.000034,-0.000012,0.999648
15.850266,1.000000,0.000035,-0.000011,0.999637
15.860267,1.000000,0.000036,-0.000011,0.999626
15.870267,1.000000,0.000037,-0.000010,0.999616
15.880267,1.000000,0.000038,-0.000010,0.999606
15.890267,1.000000,0.000039,-0.000009,0.999597
15.900268,1.000000,0.000040,-0.000009,0.999588
15.910268,1.000000,0.000041,-0.000008,0.999580
15.920268,1.000000,0.000042,-0.000008,0.999572
15.930268,1.000000,0.000043,-0.000007,0.999565
15.940269,1.000000,0.000044,-0.000007,0.999558
15.950269,1.000000,0.000044,-0.000006,0.999552
15.960269,1.000000,0.000045,-0.000006,0.999546
15.970269,1.000000,0.000045,-0.000005,0.999540
15.980269,1.000000,0.000046,-0.000005,0.999536
15.990270,1.000000,0.000046,-0.000004,0.999531
16.000269,1.000000,0.000047,-0.000004,0.999527
16.010269,1.000000,0.000047,-0.000003,0.999524
16.020269,1.000000,0.000048,-0.000003,0.999521
16.030270,1.000000,0.000048,-0.000002,0.999519
16.040270,1.000000,0.000048,-0.000002,0.999517
16.050270,1.000000,0.000048,-0.000001,0.999516
16.060270,1.000000,0.000048,-0.000001,0.999515
16.070271,1.000000,0.000048,-0.000000,0.999515
16.080271,1.000000,0.000049,0.000000,0.999515
16.090271,1.000000,0.000048,0.000001,0.999516
16.100271,1.000000,0.000048,0.000001,0.999517
16.110271,1.000000,0.000048,0.000002,0.999519
16.120272,1.000000,0.000048,0.000002,0.999521
16.130272,1.000000,0.000048,0.000003,0.999523
16.140272,1.000000,0.000048,0.000003,0.999526
16.150272,1.000000,0.000047,0.000003,0.999530
16.160273,1.000000,0.000047,0.000004,0.999534
16.170273,1.000000,0.000047,0.000004,0.999538
16.180273,1.000000,0.000046,0.000005,0.999543
16.190273,1.000000,0.000046,0.000005,0.999548
16.200274,1.000000,0.000045,0.000006,0.999553
16.210274,1.000000,0.000045,0.000006,0.999559
16.220274,1.000000,0.000044,0.000006,0.999565
16.230274,1.000000,0.000043,0.000007,0.999572
16.240274,1.000000,0.000043,0.000007,0.999579
16.250275,1.000000,0.000042,0.000007,0.999587
16.260275,1.000000,0.000041,0.000008,0.999594
16.270275,1.000000,0.000041,0.000008,0.999602
16.280275,1.000000,0.000040,0.000008,0.999611
16.290276,1.000000,0.000039,0.000009,0.999619
16.300276,1.000000,0.000038,0.000009,0.999628
16.310276,1.000000,0.000037,0.000009,0.999638
16.320276,1.000000,0.000036,0.000010,0.999647
16.330276,1.000000,0.000035,0.000010,0.999657
16.340277,1.000000,0.000034,0.000010,0.999667
16.350277,1.000000,0.000033,0.000010,0.999677
16.360277,1.000000,0.000032,0.000011,0.999688
16.370277,1.000000,0.000031,0.000011,0.999699
16.380278,1.000000,0.000030,0.000011,0.999710
16.390278,1.000000,0.000029,0.000011,0.999721
16.400278,1.000000,0.000028,0.000011,0.999732
16.410278,1.000000,0.000027,0.000011,0.999744
16.420279,1.000000,0.000026,0.000012,0.999755
16.430279,1.000000,0.000024,0.000012,0.999767
16.440279,1.000000,0.000023,0.000012,0.999779
16.450279,1.000000,0.000022,0.000012,0.999791
16.460279,1.000000,0.000021,0.000012,0.999803
16.470280,1.000000,0.000020,0.000012,0.999815
16.480280,1.000000,0.000019,0.000012,0.999827
16.490280,1.000000,0.000017,0.000012,0.999839
16.500280,1.000000,0.000016,0.000012,0.999852
16.510281,1.000000,0.000015,0.000012,0.999864
16.520281,1.000000,0.000014,0.000012,0.999876
16.530281,1.000000,0.000012,0.000012,0.999889
16.540281,1.000000,0.000011,0.000012,0.999901
16.550282,1.000000,0.000010,0.000012,0.999914
16.560282,1.000000,0.000009,0.000012,0.999926
16.570282,1.000000,0.000007,0.000012,0.999938
16.580282,1.000000,0.000006,0.000012,0.999950
16.590282,1.000000,0.000005,0.000012,0.999963
16.600283,1.000000,0.000004,0.000012,0.999975
16.610283,1.000000,0.000003,0.000012,0.999987
16.620283,1.000000,0.000001,0.000012,0.999998
16.630283,1.000000,0.000000,0.000012,1.000010
16.640284,1.000000,-0.000001,0.000012,1.000022
16.650284,1.000000,-0.000002,0.000012,1.000033
16.660284,1.000000,-0.000003,0.000011,1.000045
16.670284,1.000000,-0.000004,0.000011,1.000056
16.680285,1.000000,-0.000006,0.000011,1.000067
16.690285,1.000000,-0.000007,0.000011,1.000078
16.700285,1.000000,-0.000008,0.000011,1.000089
16.710285,1.000000,-0.000009,0.000011,1.000099
16.720285,1.000000,-0.000010,0.000010,1.000110
16.730286,1.000000,-0.000011,0.000010,1.000120
16.740286,1.000000,-0.000012,0.000010,1.000130
16.750286,1.000000,-0.000013,0.000010,1.000139
16.760286,1.000000,-0.000014,0.000009,1.000149
16.770287,1.000000,-0.000015,0.000009,1.000158
16.780287,1.000000,-0.000016,0.000009,1.000167
16.790287,1.000000,-0.000017,0.000009,1.000175
16.800287,1.000000,-0.000018,0.000008,1.000184
16.810287,1.000000,-0.000018,0.000008,1.000192
16.820288,1.000000,-0.000019,0.000008,1.000200
16.830288,1.000000,-0.000020,0.000008,1.000208
16.840288,1.000000,-0.000021,0.000007,1.000215
16.850288,1.000000,-0.000022,0.000007,1.000222
16.860289,1.000000,-0.000022,0.000007,1.000229
16.870289,1.000000,-0.000023,0.000007,1.000236
16.880289,1.000000,-0.000024,0.000006,1.000242
16.890289,1.000000,-0.000024,0.000006,1.000248
16.900290,1.000000,-0.000025,0.000006,1.000253
16.910290,1.000000,-0.000025,0.000005,1.000259
16.920290,1.000000,-0.000026,0.000005,1.000264
16.930290,1.000000,-0.000026,0.000005,1.000268
16.940290,1.000000,-0.000027,0.000004,1.000273
16.950291,1.000000,-0.000027,0.000004,1.000277
16.960291,1.000000,-0.000028,0.000004,1.000280
16.970291,1.000000,-0.000028,0.000003,1.000284
16.980291,1.000000,-0.000028,0.000003,1.000287
16.990292,1.000000,-0.000029,0.000003,1.000290
17.000292,1.000000,-0.000029,0.000002,1.000292
17.010292,1.000000,-0.000029,0.000002,1.000295
17.020292,1.000000,-0.000029,0.000002,1.000296
17.030293,1.000000,-0.000030,0.000002,1.000298
17.040293,1.000000,-0.000030,0.000001,1.000299
17.050293,1.000000,-0.000030,0.000001,1.000300
17.060293,1.000000,-0.000030,0.000001,1.000301
17.070293,1.000000,-0.000030,0.000000,1.000301
17.080294,1.000000,-0.000030,0.000000,1.000301
17.090294,1.000000,-0.000030,-0.000000,1.000301
17.100294,1.000000,-0.000030,-0.000001,1.000300
17.110294,1.000000,-0.000030,-0.000001,1.000299
17.120295,1.000000,-0.000030,-0.000001,1.000298
17.130295,1.000000,-0.000030,-0.000001,1.000297
17.140295,1.000000,-0.000030,-0.000002,1.000295
17.150295,1.000000,-0.000030,-0.000002,1.000293
17.160295,1.000000,-0.000029,-0.000002,1.000291
17.170296,1.000000,-0.000029,-0.000003,1.000288
17.180296,1.000000,-0.000029,-0.000003,1.000285
17.190296,1.000000,-0.000029,-0.000003,1.000282
17.200296,1.000000,-0.000028,-0.000003,1.000279
17.210297,1.000000,-0.000028,-0.000004,1.000275
17.220297,1.000000,-0.000028,-0.000004,1.000272
17.230297,1.000000,-0.000027,-0.000004,1.000268
17.240297,1.000000,-0.000027,-0.000004,1.000263
17.250298,1.000000,-0.000026,-0.000004,1.000259
17.260298,1.000000,-0.000026,-0.000005,1.000254
17.270298,1.000000,-0.000025,-0.000005,1.000249
17.280298,1.000000,-0.000025,-0.000005,1.000244
17.290298,1.000000,-0.000024,-0.000005,1.000239
17.300299,1.000000,-0.000024,-0.000006,1.000233
17.310299,1.000000,-0.000023,-0.000006,1.000227
17.320299,1.000000,-0.000023,-0.000006,1.000221
17.330299,1.000000,-0.000022,-0.000006,1.000215
17.340300,1.000000,-0.000022,-0.000006,1.000209
17.350300,1.000000,-0.000021,-0.000006,1.000203
17.360300,1.000000,-0.000020,-0.000006,1.000196
17.370300,1.000000,-0.000020,-0.000007,1.000190
17.380301,1.000000,-0.000019,-0.000007,1.000183
17.390301,1.000000,-0.000018,-0.000007,1.000176
17.400301,1.000000,-0.000018,-0.000007,1.000169
17.410301,1.000000,-0.000017,-0.000007,1.000162
17.420301,1.000000,-0.000016,-0.000007,1.000155
17.430302,1.000000,-0.000016,-0.000007,1.000148
17.440302,1.000000,-0.000015,-0.000007,1.000141
17.450302,1.000000,-0.000014,-0.000007,1.000133
17.460302,1.000000,-0.000013,-0.000007,1.000126
17.470303,1.000000,-0.000013,-0.000008,1.000118
17.480303,1.000000,-0.000012,-0.000008,1.000111
17.490303,1.000000,-0.000011,-0.000008,1.000103
17.500303,1.000000,-0.000010,-0.000008,1.000095
17.510303,1.000000,-0.000010,-0.000008,1.000088
17.520304,1.000000,-0.000009,-0.000008,1.000080
17.530304,1.000000,-0.000008,-0.000008,1.000073
17.540304,1.000000,-0.000007,-0.000008,1.000065
17.550304,1.000000,-0.000006,-0.000008,1.000057
17.560305,1.000000,-0.000006,-0.000008,1.000050
17.570305,1.000000,-0.000005,-0.000008,1.000042
17.580305,1.000000,-0.000004,-0.000008,1.000034
17.590305,1.000000,-0.000003,-0.000008,1.000027
17.600306,1.000000,-0.000003,-0.000008,1.000019
17.610306,1.000000,-0.000002,-0.000007,1.000012
17.620306,1.000000,-0.000001,-0.000007,1.000005
17.630306,1.000000,-0.000000,-0.000007,0.999997
17.640306,1.000000,0.000000,-0.000007,0.999990
17.650307,1.000000,0.000001,-0.000007,0.999983
17.660307,1.000000,0.000002,-0.000007,0.999976
17.670307,1.000000,0.000002,-0.000007,0.999969
17.680307,1.000000,0.000003,-0.000007,0.999962
17.690308,1.000000,0.000004,-0.000007,0.999955
17.700308,1.000000,0.000005,-0.000007,0.999948
17.710308,1.000000,0.000005,-0.000007,0.999942
17.720308,1.000000,0.000006,-0.000006,0.999935
17.730309,1.000000,0.000006,-0.000006,0.999929
17.740309,1.000000,0.000007,-0.000006,0.999923
17.750309,1.000000,0.000008,-0.000006,0.999916
17.760309,1.000000,0.000008,-0.000006,0.999910
17.770309,1.000000,0.000009,-0.000006,0.999905
17.780310,1.000000,0.000010,-0.000006,0.999899
17.790310,1.000000,0.000010,-0.000005,0.999894
17.800310,1.000000,0.000011,-0.000005,0.999888
17.810310,1.000000,0.000011,-0.000005,0.999883
17.820311,1.000000,0.000012,-0.000005,0.999878
17.830311,1.000000,0.000012,-0.000005,0.999873
17.840311,1.000000,0.000013,-0.000005,0.999869
17.850311,1.000000,0.000013,-0.000004,0.999864
17.860312,1.000000,0.000014,-0.000004,0.999860
17.870312,1.000000,0.000014,-0.000004,0.999856
17.880312,1.000000,0.000014,-0.000004,0.999852
17.890312,1.000000,0.000015,-0.000004,0.999848
17.900312,1.000000,0.000015,-0.000004,0.999844
17.910313,1.000000,0.000016,-0.000003,0.999841
17.920313,1.000000,0.000016,-0.000003,0.999838
17.930313,1.000000,0.000016,-0.000003,0.999835
17.940313,1.000000,0.000017,-0.000003,0.999832
17.950314,1.000000,0.000017,-0.000003,0.999829
17.960314,1.000000,0.000017,-0.000002,0.999827
17.970314,1.000000,0.000017,-0.000002,0.999825
17.980314,1.000000,0.000018,-0.000002,0.999823
17.990314,1.000000,0.000018,-0.000002,0.999821
18.000315,1.000000,0.000018,-0.000002,0.999819
18.010315,1.000000,0.000018,-0.000001,0.999818
18.020315,1.000000,0.000018,-0.000001,0.999817
18.030315,1.000000,0.000018,-0.000001,0.999815
18.040316,1.000000,0.000018,-0.000001,0.999815
18.050316,1.000000,0.000019,-0.000001,0.999814
18.060316,1.000000,0.000019,-0.000000,0.999813
18.070316,1.000000,0.000019,-0.000000,0.999813
18.080317,1.000000,0.000019,-0.000000,0.999813
18.090317,1.000000,0.000019,0.000000,0.999813
18.100317,1.000000,0.000019,0.000000,0.999813
18.110317,1.000000,0.000019,0.000000,0.999814
18.120317,1.000000,0.000019,0.000001,0.999815
18.130318,1.000000,0.000019,0.000001,0.999815
18.140318,1.000000,0.000018,0.000001,0.999816
18.150318,1.000000,0.000018,0.000001,0.999818
18.160318,1.000000,0.000018,0.000001,0.999819
18.170319,1.000000,0.000018,0.000002,0.999820
18.180319,1.000000,0.000018,0.000002,0.999822
18.190319,1.000000,0.000018,0.000002,0.999824
18.200319,1.000000,0.000018,0.000002,0.999826
18.210320,1.000000,0.000017,0.000002,0.999828
18.220320,1.000000,0.000017,0.000002,0.999830
18.230320,1.000000,0.000017,0.000002,0.999833
18.240320,1.000000,0.000017,0.000003,0.999835
18.250320,1.000000,0.000016,0.000003,0.999838
18.260321,1.000000,0.000016,0.000003,0.999841
18.270321,1.000000,0.000016,0.000003,0.999844
18.280321,1.000000,0.000016,0.000003,0.999847
18.290321,1.000000,0.000015,0.000003,0.999850
18.300322,1.000000,0.000015,0.000003,0.999854
18.310322,1.000000,0.000015,0.000003,0.999857
18.320322,1.000000,0.000014,0.000004,0.999861
18.330322,1.000000,0.000014,0.000004,0.999864
18.340322,1.000000,0.000014,0.000004,0.999868
18.350323,1.000000,0.000013,0.000004,0.999872
18.360323,1.000000,0.000013,0.000004,0.999876
18.370323,1.000000,0.000012,0.000004,0.999880
18.380323,1.000000,0.000012,0.000004,0.999884
18.390324,1.000000,0.000012,0.000004,0.999888
18.400324,1.000000,0.000011,0.000004,0.999893
18.410324,1.000000,0.000011,0.000004,0.999897
18.420324,1.000000,0.000010,0.000004,0.999901
18.430325,1.000000,0.000010,0.000004,0.999906
18.440325,1.000000,0.000009,0.000005,0.999910
18.450325,1.000000,0.000009,0.000005,0.999915
18.460325,1.000000,0.000008,0.000005,0.999920
18.470325,1.000000,0.000008,0.000005,0.999924
18.480326,1.000000,0.000008,0.000005,0.999929
18.490326,1.000000,0.000007,0.000005,0.999934
18.500326,1.000000,0.000007,0.000005,0.999938
18.510326,1.000000,0.000006,0.000005,0.999943
18.520327,1.000000,0.000006,0.000005,0.999948
18.530327,1.000000,0.000005,0.000005,0.999953
18.540327,1.000000,0.000005,0.000005,0.999958
18.550327,1.000000,0.000004,0.000005,0.999962
18.560328,1.000000,0.000004,0.000005,0.999967
18.570328,1.000000,0.000003,0.000005,0.999972
18.580328,1.000000,0.000003,0.000005,0.999977
18.590328,1.000000,0.000002,0.000005,0.999981
18.600328,1.000000,0.000002,0.000005,0.999986
18.610329,1.000000,0.000001,0.000005,0.999991
18.620329,1.000000,0.000001,0.000005,0.999995
18.630329,1.000000,0.000000,0.000005,1.000000
18.640329,1.000000,0.000000,0.000005,1.000004
18.650330,1.000000,-0.000000,0.000004,1.000009
18.660330,1.000000,-0.000001,0.000004,1.000013
18.670330,1.000000,-0.000001,0.000004,1.000018
18.680330,1.000000,-0.000002,0.000004,1.000022
18.690331,1.000000,-0.000002,0.000004,1.000026
18.700331,1.000000,-0.000003,0.000004,1.000030
18.710331,1.000000,-0.000003,0.000004,1.000035
18.720331,1.000000,-0.000003,0.000004,1.000039
18.730331,1.000000,-0.000004,0.000004,1.000043
18.740332,1.000000,-0.000004,0.000004,1.000046
18.750332,1.000000,-0.000005,0.000004,1.000050
18.760332,1.000000,-0.000005,0.000004,1.000054
18.770332,1.000000,-0.000005,0.000004,1.000058
18.780333,1.000000,-0.000006,0.000004,1.000061
18.790333,1.000000,-0.000006,0.000003,1.000065
18.800333,1.000000,-0.000006,0.000003,1.000068
18.810333,1.000000,-0.000007,0.000003,1.000071
18.820333,1.000000,-0.000007,0.000003,1.000074
18.830334,1.000000,-0.000007,0.000003,1.000077
18.840334,1.000000,-0.000008,0.000003,1.000080
18.850334,1.000000,-0.000008,0.000003,1.000083
18.860334,1.000000,-0.000008,0.000003,1.000086
18.870335,1.000000,-0.000009,0.000003,1.000089
18.880335,1.000000,-0.000009,0.000002,1.000091
18.890335,1.000000,-0.000009,0.000002,1.000093
18.900335,1.000000,-0.000009,0.000002,1.000096
18.910336,1.000000,-0.000010,0.000002,1.000098
18.920336,1.000000,-0.000010,0.000002,1.000100
18.930336,1.000000,-0.000010,0.000002,1.000102
18.940336,1.000000,-0.000010,0.000002,1.000104
18.950336,1.000000,-0.000010,0.000002,1.000105
18.960337,1.000000,-0.000011,0.000002,1.000107
18.970337,1.000000,-0.000011,0.000001,1.000108
18.980337,1.000000,-0.000011,0.000001,1.000110
18.990337,1.000000,-0.000011,0.000001,1.000111
19.000338,1.000000,-0.000011,0.000001,1.000112
